word,count
海,1190
台灣,760
八卦,759
人,758
上海,516
海軍,391
海邊,354
中國,352
海賊王,301
海鮮,285
現在,237
台灣海峽,215
海洋,204
海外,201
鴻海,199
海關,192
北海道,181
日本,171
東海,165
海線,156
海豚,156
美國,152
台海,145
南海,144
海陸,143
海嘯,132
海水,132
四海,127
海倫,121
海綿,117
海龜,114
卦,108
瀏海,100
海報,97
寶寶,94
大海,93
海馬,92
肥宅,91
公海,91
大學,90
台灣人,89
時候,83
垃圾,83
國家,81
錢,80
星海,80
戰爭,79
台北,77
台中,74
海賊,74
海盜,70
腦海,70
魚,70
海灘,67
中國人,66
海豹,64
山,62
沿海,62
海倫清桃,59
高雄,58
海珊,57
陸戰隊,57
朋友,57
新海誠,57
海景,55
台,54
拓海,51
海膽,51
航海王,51
船,50
陸軍,50
以前,50
海角七號,50
海苔,49
海南島,49
家,48
海南,48
新聞,48
世界,47
海巡,46
海濤,45
女生,45
上海人,45
香港,44
國,43
海產店,43
海峽,43
深海,42
海岸線,42
龍,41
颱風,41
阿,40
感覺,40
東西,40
淡海,40
海棠,39
海森堡,39
女,38
海螺,38
海港,38
海產,38
韓國,38
當年,38
海島,38
中共,37
危機,37
事,37
褲子,37
海岸,37
電影,36
中南海,35
水,35
支那,35
金融,34
海帶,34
今天,34
北海岸,34
北京,34
吸管,34
海域,33
法師,33
胖子,33
時代,33
聲音,33
海平面,32
地中海,32
問題,32
小姐,31
海運,31
一下,31
最近,31
機場,31
飛彈,31
遊戲,31
生物,30
臺灣,30
機會,30
魯夫,30
空氣,29
最後,29
狗,29
飛輪海,29
鄉民,28
城市,28
海山,28
海龍,28
公司,28
海尼根,28
館長,28
地方,28
多久,28
心,28
頭髮,27
四海遊龍,27
部隊,27
國軍,27
清桃,27
正妹,27
海大,26
海綿體,26
迪士尼,26
搞頭,26
人類,26
輕軌,26
大陸,25
月,25
電纜,25
國際,25
遊,25
英國,25
海盜船,25
豬,24
海戰,24
風,24
當時,24
海放,24
街,24
政府,24
海賊團,24
老闆,24
事件,24
東京,23
獵人,23
夏天,23
陸,23
日,23
消波塊,23
海風,23
海專,23
艦隊,23
外海,23
車,22
集團,22
肉,22
附近,22
老婆,22
菜,22
鼻孔,22
博多,22
上海灘,21
藤原拓海,21
廣告,21
明天,21
美軍,21
人海,21
法國,21
後來,21
經濟,21
島,21
帝國,20
海洛因,20
當初,20
中華民國,20
浦東,20
員工,20
辦法,20
火影,20
美,20
珊瑚海,20
經典,20
嘴,20
海獅,19
海浪,19
分局,19
海纜,19
時間,19
空軍,19
海角,19
能力,19
之前,19
總統,19
同學,18
市場,18
霸主,18
人生,18
越南,18
北海,18
海豚灣,18
中線,18
地,18
手,18
高中,17
遼寧號,17
關係,17
意思,17
影片,17
海口人,17
海鳥,17
顏色,17
學校,17
安海瑟薇,17
海灘褲,17
領海,16
照片,16
郭台銘,16
路,16
捷運,16
樣子,16
晚上,16
文化,16
海鹽,16
遊龍,16
沖繩,16
海溝,16
天,16
漢來,16
故事,16
海馬瀨人,16
公園,16
日本人,16
澎湖,16
手機,16
兩岸,16
基隆,16
畫面,16
話,16
彌海砂,15
飛機,15
紅海,15
海神,15
石油,15
上海妹,15
以後,15
小時,15
頭,15
地震,15
軍艦,15
海倫仙度絲,15
味道,15
愛,15
老公,15
主角,15
周海媚,15
樹海,15
隧道,15
台女,15
鼻子,15
海空軍,15
五毛,15
武器,15
比利,14
海靈頓,14
台幣,14
爸,14
大甲,14
神,14
海格,14
世紀,14
華人,14
白,14
小時候,14
戀人,14
動畫,14
戰,14
七海,14
台積電,14
技術,14
航母,13
鯨魚,13
男生,13
餐廳,13
男,13
媽,13
妹妹,13
雞飯,13
螃蟹,13
福建,13
鍋貼,13
老師,13
老人,13
們,13
妹子,13
未來,13
機車,13
今年,13
海巡署,13
鯊魚,13
股票,13
海鷗,13
機率,13
王國,13
柯賜海,13
蘋果,13
馬,13
花蓮,13
海底,13
結果,13
結局,12
冰,12
店,12
糞,12
海瓜子,12
口味,12
覺青,12
東南亞,12
浴場,12
海路,12
學店,12
海參,12
星海2,12
現實,12
水準,12
新加坡,12
歐洲,12
少女,12
高鐵,12
皇帝,12
台大,12
苦海,12
名字,12
雷三,12
動物,12
油,12
近海,12
桃園,12
鳳梨,12
亞洲,12
生技,12
德國,12
湯,12
護照,12
我國,12
臉,12
屁,12
海星,12
海拔,12
水行俠,12
昨天,11
俄羅斯,11
藝人,11
內陸,11
女友,11
資源,11
時期,11
房子,11
墾丁,11
列車,11
藥,11
名,11
北韓,11
解放軍,11
海女,11
盒,11
七武海,11
歌,11
海王類,11
山線,11
娛樂,11
台南,11
者,11
字,11
人員,11
作品,11
台獨,11
阿茲海默症,11
太平洋,11
男人,11
價值,11
國民黨,10
程度,10
智商,10
泡麵,10
劇情,10
牌,10
房間,10
豬肉,10
外國人,10
啤酒,10
鮑魚,10
電腦,10
網路,10
漁港,10
差別,10
海生館,10
夢,10
海海,10
替代役,10
王,10
黑道,10
漁船,10
豆導,10
妹,10
國內,10
台東,10
何時,10
市區,10
紅髮,10
等級,10
內地,10
酒,10
國外,10
法海,10
天氣,10
逢甲,10
海棉,10
訓練,10
漫畫,10
寶可夢,10
線,10
海草,10
角色,10
霞海,10
淡水,10
地帶,10
綠茶,10
小孩,10
菲律賓,10
山海經,10
媽祖,10
海霸王,10
川普,10
房,10
海洛英,9
海堂,9
腦,9
系列,9
山海,9
圖,9
目前,9
藍色,9
兵,9
媽媽,9
學生,9
安海,9
地球,9
科技,9
工程師,9
女孩,9
比基尼,9
樂園,9
海倫凱勒,9
義務役,9
憲兵,9
海龜湯,9
碧海,9
俄國,9
沙,9
社會,9
草帽,9
佛跳牆,9
事情,9
海鮮粥,9
海參崴,9
船長,9
中華,9
身體,9
英雄,9
宇宙,9
韓國人,9
人海戰術,9
戰力,9
台男,9
滄海,9
海地,9
工作,9
作者,9
海鮮味,9
海象,9
蛋,9
內海,9
國中,9
海狗,9
海拋,9
中,9
果實,9
一,9
韓,9
市鎮,9
神作,9
美國人,9
內褲,9
爭議,9
東吳,9
蘿莉,9
基地,8
海悅,8
企業,8
牛,8
全球,8
女朋友,8
交通,8
海怪,8
核,8
傳說,8
臺海,8
教授,8
樹,8
姆咪,8
城,8
大,8
台語,8
波羅的海,8
豆漿,8
學長,8
原因,8
石,8
白海豚,8
移民,8
年輕人,8
金錢豹,8
票,8
光,8
三軍,8
賭聖,8
意外,8
宜蘭,8
國小,8
娜美,8
梗,8
電視,8
同時,8
實力,8
潮,8
新田惠海,8
哥,8
彰化,8
有錢人,8
民眾,8
空,8
屁事,8
外國,8
女人,8
書,8
嘉義,8
長榮,8
幻海,8
笑話,8
牆,8
眼睛,8
巨人,8
珠海,8
沙灘,8
大橋,8
機器人,8
中心,8
光隆,8
對岸,8
心情,8
海牙,8
薪水,8
深海魚,8
波浪,8
浪,8
潛艇,8
印尼,8
兄弟,8
先生,7
氣候,7
四川,7
物價,7
鬼,7
屏東,7
雲林,7
歷史,7
早上,7
記者,7
加勒比海,7
生活,7
建築,7
新竹,7
民主,7
薪資,7
金門,7
青眼,7
奇緣,7
航空母艦,7
公路,7
嬸嬸,7
藍天,7
陽光,7
水母,7
水餃,7
火車站,7
天海祐希,7
標準,7
眼,7
陸地,7
節目,7
白痴,7
雨,7
身,7
大便,7
稽查員,7
茶,7
貿易,7
環保,7
團體,7
飯店,7
甲甲,7
別墅,7
英文,7
經驗,7
比賽,7
劉海,7
腳踏車,7
單位,7
漁民,7
月薪,7
系統,7
強國,7
專家,7
糞作,7
文組,7
釣魚台,7
後代,7
巔峰,7
海頓,7
戰場,7
印象,7
關西,7
王者,7
蟑螂,7
活動,7
國民,7
爸爸,7
坦克,7
方式,7
華僑,7
航空,7
冬,7
七龍珠,7
太平島,7
主權,7
女森,7
海底撈,7
海科館,7
台北人,7
現場,7
麵包,7
維尼,7
行李,6
刀,6
火海,6
長輩,6
阿茲海默,6
老爸,6
演藝圈,6
海砂,6
花東,6
家人,6
成龍,6
音樂,6
摩西,6
屁股,6
海葬,6
北極熊,6
山珍海味,6
政治,6
女兒,6
一般人,6
領土,6
屍體,6
鄰居,6
飯,6
肉粽,6
德,6
警察,6
印度,6
生意,6
粽,6
肚子,6
黑人,6
海南隊,6
海鮮丼,6
料,6
那時,6
大阪,6
股價,6
雷屁,6
積蓄,6
巴拿馬,6
公車,6
地獄,6
石頭,6
海貓,6
明星,6
小說,6
學弟,6
黑暗,6
人才,6
意義,6
粉絲,6
河,6
藍海,6
中國海,6
沛納海,6
花海,6
法,6
廢料,6
冬天,6
母豬,6
海洋法,6
馬英九,6
秋海棠,6
卡,6
街亭,6
拉麵,6
特區,6
去年,6
成員,6
心態,6
省,6
記憶,6
勢力,6
泰國,6
對手,6
軍人,6
冷氣,6
海明威,6
志願役,6
房價,6
淡江,6
心靈,6
台鐵,6
旗津,6
企鵝,6
辣椒,6
大戰,6
夏普,6
蝦子,6
安海瑟威,6
假日,6
都市,6
貓貓,6
海大富,6
咖哩,6
海蟑螂,6
海盒子,6
天海,6
城隍廟,6
熊,6
颱風天,6
動作,6
青海,6
海蔘,6
珍珠,6
隔壁,6
海燕,6
子瑜,6
貢寮,6
死神,6
航海家,6
警報,6
電廠,6
海面,6
官員,6
海蘭察,6
麥當勞,5
銀行,5
石之海,5
教育,5
臺北,5
原理,5
職業,5
米國,5
風向,5
事實,5
機票,5
方向,5
鄉下,5
大東海,5
廢物,5
文,5
艦艇,5
禮拜,5
山豬,5
梨花,5
山海關,5
宮崎駿,5
碗,5
議題,5
邊緣,5
寶,5
大賽,5
神尼,5
文章,5
龍王,5
臺灣海峽,5
白龍,5
天空,5
魔獸,5
林口,5
師傅,5
電信,5
核電廠,5
半夜,5
概念,5
天堂,5
賭俠,5
素質,5
沙鹿,5
食物,5
關鍵,5
影響,5
閻王,5
靜宜,5
哥吉拉,5
遊戲王,5
錯,5
北海道人,5
地位,5
艦長,5
平常,5
人間,5
背景,5
冰山,5
大餐,5
福州,5
軍種,5
居民,5
核電,5
下場,5
筆電,5
門,5
夜,5
海芋,5
雲海,5
嘴巴,5
英,5
奶,5
冠軍,5
西班牙,5
海口,5
馬里亞納,5
倍,5
纜線,5
蛙人,5
郭董,5
月老,5
大立光,5
狂風,5
天龍人,5
品質,5
海拉,5
山脈,5
泳衣,5
章魚,5
地鐵,5
人物,5
天涯海角,5
神兵,5
先知,5
上將,5
東港,5
海選,5
星海二,5
左營,5
地區,5
戰艦,5
病,5
中資,5
雷,5
九州,5
豆腐,5
料理,5
將軍,5
裘海正,5
衣服,5
辣妹,5
科系,5
軍隊,5
星際,5
安檢,5
差距,5
臺中,5
黃金,5
國片,5
本體,5
日子,5
忍者,5
生態,5
涼山,5
民國,5
西海岸,5
冰毒,5
董事長,5
球,5
人民,5
景點,5
菁英,5
縣,5
寶石,5
體能,5
樣,5
偶像,5
郵輪,5
鱈魚,5
毛,5
效果,5
東大,5
青年,5
海德堡,5
大師,5
蟹,5
港口,5
胡家瑋,5
周杰倫,5
貓,5
阿共,5
自衛隊,5
法院,5
門口,5
皇,5
運動,5
海祭,5
皮,5
海波浪,5
便當,5
鬼岩城,5
大媽,5
星球,5
東華,5
北海道篇,5
重點,5
蛙兵,5
火車,5
資產,5
速度,5
署長室,5
大樓,4
海島型,4
運氣,4
機器,4
遺跡,4
腦子,4
戰果,4
日記,4
大學生,4
中途島,4
標題,4
尾,4
核武,4
桃,4
雲,4
行程,4
海量,4
移民官,4
演員,4
盒子,4
菜市場,4
鏡子,4
高潮,4
滷肉飯,4
海德格,4
死海,4
方面,4
可能,4
索馬利亞,4
明朝,4
魚蝦,4
技能,4
八寶,4
包子,4
干貝,4
蝦,4
之後,4
價錢,4
建設,4
遠洋,4
羊,4
海底雞,4
點,4
海山醬,4
星期,4
虐,4
小,4
習俗,4
差異,4
雞,4
死,4
北極海,4
槍,4
出口,4
工具人,4
待遇,4
權力,4
王下,4
討海人,4
海豬肉,4
高海,4
遊俠海,4
反派,4
美人魚,4
方法,4
賭神,4
歌聲,4
魅力,4
海盒,4
性,4
台鹽,4
哥哥,4
達爾,4
德國人,4
身家,4
漢人,4
下午,4
地理,4
貼紙,4
價格,4
手速,4
內容,4
海蜇皮,4
季節,4
季,4
海砂屋,4
像,4
遠方,4
陰霾,4
伍佰,4
學妹,4
台灣省,4
青桃,4
老大,4
乳牛,4
白癡,4
淚,4
阿桃,4
甜心,4
派出所,4
髮型,4
中和,4
廈門,4
樓,4
收入,4
男友,4
海防,4
夥伴,4
計畫,4
暑假,4
代,4
香,4
咖啡,4
保鑣,4
鋼琴師,4
鄉鎮,4
長官,4
身世,4
大軍,4
蒙古,4
大七,4
個性,4
公式,4
高雄人,4
柯,4
炸彈,4
小海女,4
戰神,4
高中生,4
海牛,4
海猴,4
早期,4
電,4
敵人,4
伊拉克,4
他國,4
語錄,4
財,4
民視,4
誠意,4
組織,4
殺手,4
中學,4
博士,4
領域,4
鮮奶,4
酒駕,4
鍵盤,4
海電,4
海權,4
尾田,4
竹圍,4
人體,4
台中市,4
外地,4
肌肉,4
戰機,4
設計,4
力,4
情況,4
可能性,4
法官,4
太陽,4
產業,4
土豪哥,4
租界,4
海科大,4
隊長,4
海自,4
歌手,4
業者,4
市長,4
兒子,4
事業,4
南海道,4
今夜,4
土地,4
1937年,4
新幹線,4
模式,4
安平,4
尾牙,4
學歷,4
港,4
戲,4
牛肉麵,4
牛肉,4
女性,4
海鰻,4
義大利,4
古堡,4
中士,4
台積,4
沿岸,4
馬糞,4
身材,4
效應,4
壓力,4
店員,4
鼎泰豐,4
娃娃,4
早發性,4
戈巴契夫,4
實戰,4
瀨戶內海,4
板橋,4
澳門,4
海華,4
地中海禿,4
緯度,4
陳海茵,4
蔡,4
裝備,4
少將,4
日本海,4
競爭,4
村,4
海梨,4
海事,4
城牆,4
首都,4
天龍,4
海狸,4
台科,4
風箏,4
海之霸,4
景色,4
古巴,4
導演,4
陸海空,4
茂野,4
柯南,4
奧運,4
海星星,4
屋頂,4
親戚,4
大江大海,4
香絲,4
風景,4
錯覺,4
家族,4
屍速,4
雕像,4
金馬,4
父母,4
國防,4
功力,4
出海口,4
七,4
麻將,4
空姐,4
潛艦,4
男孩,4
高手,4
塑膠,4
艦,4
雄三,4
司令部,4
神盾艦,4
東北,4
古代,4
荷蘭,4
航線,4
中美,4
情勢,4
三星,4
青木原,4
豪宅,4
傑克,4
音樂祭,4
板塊,4
信,4
酒店,4
工資,4
宏達電,4
蟲,4
祖國,4
輩子,4
環境,4
天使,4
巨蛋,4
成本,4
交大,4
八卦板,4
團隊,4
海扁,4
屎海戀,4
信長,4
工業,4
魯海,4
北科,4
集,4
距離,4
伏筆,4
軍演,4
瀏海機,4
海苔醬,4
頂上,4
陽明,4
史,4
在地人,4
黑幫,4
水泥,4
王將,4
同事,4
豬瘟,4
中央山脈,4
海水魚,4
妙禪,4
夜神月,4
企鵝妹,4
門票,4
玻璃,4
心靈海,4
生駒里奈,4
大魚海棠,3
李海,3
人權,3
殖民地,3
功能,3
邊緣人,3
師,3
海內外,3
黃海,3
國中生,3
海街,3
臺灣人,3
貴婦,3
省份,3
人心,3
儀隊,3
弟弟,3
屁眼,3
大陸人,3
鍋,3
人潮,3
奶茶,3
高,3
司機,3
標哥,3
範圍,3
老二,3
五月天,3
情歌,3
運費,3
同志,3
福隆,3
義大利麵,3
蘇花,3
台啤,3
鎮,3
彎,3
鹽,3
簽名檔,3
痛風,3
阿法狗,3
烏賊,3
體,3
自由,3
海潮,3
江湖,3
軍,3
戰鬥群,3
肉鬆,3
水溫,3
人渣,3
列強,3
子,3
自家,3
海味,3
皮膚,3
興趣,3
船員,3
春節,3
手遊,3
戰略,3
賭,3
電視台,3
祕密,3
新垣結衣,3
耳機,3
四海幫,3
官兵,3
台灣海,3
蕾雅卡,3
宮廟,3
看法,3
回憶,3
貓咪,3
庫頁島,3
夜市,3
修特羅海姆,3
曼徹斯特,3
正義,3
魔人,3
賽車,3
盒盒,3
期間,3
貨,3
貨運,3
北宜,3
高海拔,3
妓女,3
納粹,3
筆,3
吳海文,3
粽子,3
新娘,3
名校,3
科大,3
郭,3
上海話,3
小蘿莉,3
上海市,3
漁網,3
偽物,3
海盒盒,3
海豚肉,3
棺材,3
站,3
甲,3
倫敦,3
社子島,3
宅宅,3
炒麵,3
花枝,3
勝算,3
上,3
交情,3
菜瓜布,3
東森,3
俄,3
刑警,3
人氣,3
知名度,3
吳敦義,3
民族,3
愛河,3
美食,3
時,3
電話,3
烏龍,3
廣州,3
寧波,3
洞,3
朴海英,3
星海一,3
海市蜃樓,3
保證,3
絲路,3
新訓,3
支那人,3
彌海沙,3
醋,3
悲劇,3
種類,3
大陸型,3
案,3
成大,3
三立,3
協議,3
海警,3
理由,3
姐姐,3
天王,3
阿海,3
上校,3
問卦,3
條件,3
特洛伊,3
商人,3
大王,3
行為,3
原住民,3
蚊子,3
劍,3
科學,3
台商,3
海盜王,3
大葉,3
魚類,3
巴士,3
官方,3
靈魂,3
優勢,3
笨蛋,3
位置,3
律師,3
一生,3
新海橋,3
記錄器,3
雷達,3
現代,3
海南省,3
海南人,3
總裁,3
現金,3
日劇,3
游龍,3
怪獸,3
隊,3
屁孩,3
鮭魚,3
中壢,3
狗狗,3
恐懼症,3
車站,3
航海士,3
指標,3
支付寶,3
自來水,3
軟體,3
2008年,3
小七,3
鳥,3
姊姊,3
人士,3
腳,3
魚人,3
車子,3
系,3
士兵,3
轉機,3
驚點,3
說法,3
賺頭,3
花,3
海歸,3
賽事,3
股利,3
馬子,3
意識,3
阿嬤,3
阿公,3
反應,3
監獄,3
寫真,3
汙染,3
海伍德,3
女裝,3
深度,3
法國人,3
夕陽,3
紐約,3
空污,3
婚禮,3
基本,3
以色列,3
治安,3
近年,3
屎,3
海原雄山,3
五哥,3
馬尾,3
丼飯,3
今晚,3
威,3
波賽頓,3
界,3
海葡萄,3
生煎包,3
東海村,3
柯粉,3
杜月笙,3
梅花,3
鳴人,3
公公,3
森,3
通道,3
海釣場,3
廠商,3
奇觀,3
內戰,3
公主,3
永和,3
會,3
橘子,3
港女,3
版,3
蘆洲,3
科威特人,3
版本,3
連鎖店,3
日文,3
蝴蝶,3
海票,3
死魚,3
賭盤,3
兇手,3
眼神,3
黑海,3
四國,3
利益,3
資工,3
工科,3
海景房,3
鎮瀾宮,3
飛鳥,3
香菇,3
火鍋,3
爺爺,3
中將,3
高山,3
戰士,3
披薩,3
臉書,3
硬碟,3
資料,3
米,3
老虎,3
人魚,3
湯包,3
炒飯,3
機,3
街頭,3
眼前,3
股市,3
處女,3
汽車,3
贏家,3
小費,3
種族,3
教練,3
型,3
惡魔,3
口音,3
航道,3
老美,3
壁紙,3
科,3
遊艇,3
寶島,3
科科,3
木馬,3
醬油,3
用,3
品牌,3
策略,3
補習班,3
財團,3
鬼島,3
演唱會,3
麵,3
主播,3
海賊板,3
跑車,3
僧侶,3
數量,3
海鮮湯,3
秋,3
影響力,3
韓國海,3
巴黎,3
友人,3
拼圖,3
教官,3
版圖,3
地層,3
時薪,3
喇叭,3
原味,3
夜景,3
海獺,3
海馬瀨,3
尻槍,3
海藤,3
津輕海峽,3
奶子,3
紀錄,3
三本柱,3
皮卡丘,3
翻譯,3
團,3
保時捷,3
艦艇兵,3
勁戰,3
小叮噹,3
賓拉登,3
裸體,3
誠品,3
水平,3
廁所,3
天龍國,3
醫生,3
兵種,3
海爆,3
局長,3
巴士海峽,3
窩,3
分類,3
喪屍,3
七海千秋,3
中職,3
堡,3
行銷,3
寶貝,3
C,3
室友,3
星,3
聲海,3
第一線,3
髮夾彎,3
水手服,3
山海屯,3
媒體,3
配料,3
新歌,3
門檻,3
海洋館,3
電鐵,3
告白,3
飲料店,3
超商,3
秘密,3
夫,3
船艦,3
弟兄,3
薰衣草,3
膽,3
海公公,3
暴鯉龍,3
大型,3
線上,3
水果,3
宗教,3
海難,3
民風,3
聯合國,3
習大大,3
菲,3
敵,3
命,3
台灣版,3
大西洋,3
淚海,3
菲律賓海,3
年,3
小吃,3
基因,3
課程,3
面,3
電機,3
毒品,3
海參威,3
海口腔,3
鐵,3
墨西哥,3
東海岸,3
紅點,3
歐美,3
外省人,3
骨灰,3
小英,3
颱風假,3
人民幣,3
海獸,3
廟,3
木柵,3
動物園,3
森林,3
姑娘,3
巨乳,3
軍官,3
地心,3
陸戰,3
愛情,3
工業區,3
橋,3
雞排,3
滷味,3
國旗,3
蟹堡,3
綠島,3
記者會,3
事務,3
挑戰,3
非洲,3
明年,3
龍蝦,3
鮑,3
頻道,3
帽子,3
初音,3
限期,3
海莉,3
岸,3
清,3
比例,3
台北市,3
房地產,3
平價,3
山盟海誓,3
禮物,3
觀光客,3
八仙,3
苗栗,3
風電,3
潮流,3
網站,3
青天,3
成吉思汗,3
海濱,3
白星,3
鞋,3
市,3
市集,3
海樓,3
濱海公路,3
垃圾兵,3
人口,3
性慾,3
南投,3
機海,3
白鬍子,3
規格,3
肉品,3
火,3
壽司,3
台巴子,3
海港城,3
需求,3
吳寶春,3
海爾,3
旅客,3
教室,3
自然,3
海康威視,3
海王,3
海邊路,3
客家人,3
腦袋,3
籃球,3
海帶芽,3
委員會,3
曼谷,3
東海道,3
阿峰,3
朔月海,3
特勤,3
中文,3
經理,3
海力士,3
菸,3
海蔘威,3
昆布,3
乃木坂,3
天堂路,3
蛋白,3
娘,2
常態,2
生魚片,2
飲料,2
古柯鹼,2
眉村,2
戴,2
額頭,2
單行本,2
完結篇,2
大使館,2
國共,2
大聯盟,2
實彈,2
青萄,2
桃子,2
體積,2
衝突,2
先鋒,2
起薪,2
機關,2
雪地,2
人命,2
目的,2
團費,2
閩南人,2
美洲,2
佛,2
香港人,2
留學生,2
智,2
電子,2
海苔捲,2
飯糰,2
大帝,2
三部曲,2
海苔粉,2
元本山,2
勞動力,2
海豐,2
周,2
低卡,2
董海川,2
西海,2
特色,2
懸賞金,2
喇,2
蘿絲,2
海鴻,2
阿基里斯,2
金,2
金正恩,2
髮,2
國文,2
海腸,2
出海人,2
中年,2
包,2
戰女,2
評價,2
詞,2
爆破隊,2
通訊,2
小美,2
遼寧艦,2
小說家,2
魚翅,2
紅警,2
南寮,2
男子,2
吸引力,2
金屬,2
腥臭,2
自己人,2
河豚,2
屏障,2
聲,2
老兵,2
股東,2
外遇,2
上海男,2
吳,2
主席,2
銷量,2
中午,2
臉皮,2
海亞,2
信仰,2
信義區,2
金庸,2
資訊,2
嘴砲,2
絕招,2
灰姑娘,2
眼淚,2
流星,2
明珠,2
清流,2
鮮肉,2
鏈,2
紅色,2
裕隆,2
百,2
小刀,2
臺南,2
早餐,2
海超人,2
蛤蜊,2
護士,2
田,2
古城,2
觀音山,2
奧馬哈,2
籠子,2
清水,2
陣,2
晶片,2
市容,2
科學家,2
步兵,2
牌組,2
化學,2
顏董,2
海流,2
孫文,2
丁國琳,2
剛才,2
X,2
俠,2
正版,2
陸海空軍,2
海空,2
克洛克達爾,2
消息,2
張三,2
低海拔,2
直升機,2
航海圖,2
阿牧,2
帥哥,2
女孩兒,2
桃桃,2
吃法,2
山谷,2
洋腸,2
台灣國,2
材料,2
攝影機,2
蟲族,2
玩家,2
最佳解,2
三井,2
南宋,2
演技,2
陶喆,2
馬謖,2
作文,2
阿拉,2
大肚山,2
帝王蟹,2
形象,2
木板,2
營收,2
美金,2
煙,2
船螺聲,2
中央,2
外太空,2
手腳,2
馬漢,2
沖繩人,2
海馬人,2
蛤,2
上海國,2
教師,2
大獎,2
灰,2
女神,2
硬體,2
發票,2
例子,2
毛巾,2
味,2
天海麗,2
片,2
宗瑞哥,2
苦海無涯,2
指數,2
原物料,2
坦克海,2
作用,2
飼料,2
唐老大,2
小新,2
代表,2
真人版,2
北洋,2
水師,2
廚師,2
積木,2
校地,2
海哥,2
精靈,2
台灣島,2
綠線,2
公民,2
烏克蘭,2
星海1,2
北捷,2
家屬,2
鄭捷,2
月亮,2
陸海軍,2
印度洋,2
緬甸,2
大法師,2
勝海舟,2
期末考,2
軍團,2
便利商店,2
天涯,2
委員,2
肚,2
宅男,2
素食,2
共識,2
見識,2
總量,2
海冥燈,2
海山哥,2
大官,2
薩達姆,2
科威特,2
偷渡客,2
報紙,2
雞腳,2
分店,2
學府,2
奴工,2
戟兵,2
八,2
信徒,2
飛機杯,2
風度,2
央視,2
外省,2
仙島,2
蓬萊仙島,2
霍恩海姆,2
加拿大,2
星巴克,2
骰子,2
熱潮,2
原油,2
餃子,2
連假,2
平台,2
海苔條,2
海輪,2
台政,2
律師團,2
觀感,2
局勢,2
國語,2
感情,2
電業法,2
軍港,2
海協會,2
首爾,2
海安路,2
傳記,2
板橋區,2
海賊版,2
清海,2
野馬,2
往後,2
竹聯,2
志光,2
歌曲,2
微軟,2
電影版,2
海皇紀,2
盤,2
綠色,2
葉子,2
腔,2
感想,2
過路費,2
鋼彈,2
空島,2
海迪倫,2
大小,2
皇家,2
大雨,2
公視,2
命運,2
甜,2
海豬,2
島國,2
萬海,2
核彈,2
星爆,2
飛車,2
小鬼,2
住,2
鄰國,2
黑名單,2
大將,2
嬌妻,2
勝利組,2
廚房,2
二,2
班,2
遠雄,2
續集,2
整體,2
女權,2
盜版,2
外資,2
內衣,2
大亨,2
三國,2
月退,2
男性,2
巴子,2
黃家,2
親家,2
外島,2
珊瑚礁,2
煎餅,2
武士,2
物理學家,2
化學家,2
蔡康永,2
核心,2
長城,2
賀歲片,2
鮪魚,2
大盤,2
海兵,2
國動,2
菜鳥,2
戰技,2
南投人,2
麥片,2
上天,2
電視劇,2
心理,2
細胞,2
孤島,2
小樽,2
廣播,2
幾,2
魔戒,2
後期,2
山海線,2
竹科,2
海倫米蘭,2
高雄市,2
眼鏡蛇,2
車海,2
本土,2
尼哥,2
鄉村,2
客人,2
研究所,2
華中,2
仙道,2
路線,2
周芷若,2
深圳,2
年資,2
年薪,2
名額,2
群島,2
時段,2
噸位,2
中正,2
故鄉,2
山路,2
事故,2
世上,2
阿拉巴斯坦,2
新北,2
中字輩,2
西瓜,2
台中海,2
海雀,2
滋味,2
慧律,2
交響曲,2
漢,2
主題,2
學姐,2
精華,2
壽命,2
霧霾,2
保鏢,2
工廠,2
證明,2
海思,2
戰術,2
南韓,2
背影,2
海龍王,2
玻璃心,2
豬腳,2
圈圈,2
中天,2
美國海,2
林志玲,2
小傑,2
金額,2
難,2
藉口,2
仙桃,2
龍捲風,2
油車,2
牆壁,2
髮捲,2
言葉之庭,2
新人,2
短篇,2
新鮮人,2
社團,2
長期,2
拖,2
萊姆酒,2
最,2
海洋系,2
海豚機,2
會長,2
台胞,2
台中人,2
商圈,2
鯨,2
龍珠,2
遊記,2
心海羅盤,2
表演,2
海產攤,2
海鮮盤,2
青菜,2
一時,2
老,2
初期,2
背後,2
主題曲,2
標語,2
族,2
想法,2
古代人,2
鉛,2
伊西斯,2
瀨人,2
字碼,2
女星,2
鏡框,2
原子彈,2
水溝,2
財路,2
飛鷹,2
姝,2
方文琳,2
伊能靜,2
題目,2
基隆港,2
愛琴海,2
核廢料,2
蘭嶼,2
州,2
卡片,2
啟介,2
原型,2
惡意,2
賭船,2
蚵,2
夏威夷,2
波羅,2
都,2
灣生,2
蝦夷人,2
航警,2
高圓圓,2
馬來西亞,2
地形,2
影城,2
品味,2
重金屬,2
車禍,2
血,2
手槍,2
賓士,2
人型,2
氛圍,2
公三,2
黑鬍子,2
國考,2
芒果,2
聲望,2
工具,2
黨產,2
空服員,2
機長,2
海妖,2
黃猿,2
選手,2
五月,2
台地,2
橡膠,2
星海爭霸,2
風雲,2
陸雲生,2
養殖場,2
肉燥飯,2
豆乾,2
帝寶,2
地圖,2
貼圖,2
北京人,2
真假,2
血統,2
師父,2
海禁,2
7月,2
新北市,2
大嶼山,2
馬桶,2
疑問,2
天線,2
英國人,2
南亞,2
髒話,2
除濕機,2
根,2
基金,2
榜單,2
羅賓,2
蔥,2
牡蠣,2
馬利克,2
海削,2
西岸,2
燈塔,2
海苔包,2
白飯,2
粥,2
群眾,2
南海島,2
血書,2
手指,2
襯衫,2
殼,2
公約,2
職位,2
湘北,2
氣象局,2
美女,2
陵南,2
富士康,2
霸氣,2
電台,2
奇葩,2
艾斯,2
大姐,2
肉絲,2
日月光,2
訊息,2
榮耀,2
馬國,2
力場,2
鐵路,2
兵力,2
和尚,2
茂谷,2
實況,2
電競,2
群,2
兵海,2
沫浴乳,2
岩鹽,2
執照,2
市政府,2
邏輯,2
黑金,2
蘿漫,2
航班,2
海豚音,2
陰毛,2
閩南,2
大腿,2
櫻花妹,2
苗栗國,2
作業,2
海棉體,2
心機,2
窮人,2
星海蟲族,2
遺憾,2
薑移化,2
黑旗,2
主線,2
布展,2
狗屎,2
特展,2
代表隊,2
大溪,2
吳郭魚,2
一陣子,2
任務,2
殘酷線,2
貓科,2
犬科,2
力王,2
遊艇業,2
既得利益,2
素人,2
肉錢,2
爛,2
歐巴馬,2
貝殼,2
哆啦A夢,2
一九四九,2
暢銷榜,2
共軍,2
導彈,2
共通點,2
鯉魚王,2
對句,2
熱血,2
服裝,2
泰山,2
收費站,2
海濤哥,2
國旅,2
利害,2
陸配,2
美江,2
藻類,2
格達費,2
原作,2
市民,2
貨櫃,2
賭城,2
家庭,2
強颱,2
排球,2
農業,2
地勢,2
阿兩,2
豆干,2
高考,2
圖鑑,2
陳金鋒,2
內湖,2
校,2
尼莫,2
廚餘,2
阿嘉,2
炎,2
米飯,2
小高,2
地海,2
好處,2
國土,2
海馬迴,2
日月潭,2
台塑,2
瀛海,2
心臟,2
南極海,2
鄭芝龍,2
武海,2
工,2
空港,2
地址,2
香草,2
特價,2
數,2
小島,2
近期,2
海里,2
大隊,2
二戰,2
海商法,2
阿扁,2
例,2
猴子,2
太陽花,2
共同點,2
紀念品,2
創意,2
海樓石,2
子彈,2
製品,2
華航,2
珍珠堡,2
摩斯,2
中華電,2
佛羅多,2
仙境,2
抱枕,2
沙崙,2
旅,2
制服,2
大門,2
西裝褲,2
姓氏,2
韓文,2
牛奶,2
李海仁,2
薪,2
動保,2
顏,2
保麗龍,2
官校,2
藝術,2
菲菲,2
黑洞,2
軍事,2
上空,2
模型,2
孩子,2
土豪,2
雄風,2
元帥,2
秘寶,2
雞塊,2
軍力,2
威脅,2
預官,2
鬍子,2
愛滋,2
立場,2
天才,2
瞬間,2
仲裁案,2
鱷神,2
觀世音,2
船隻,2
阿沒,2
圖片,2
某人,2
國人,2
隊員,2
地溝油,2
魔法,2
男女,2
名人,2
陣法,2
選舉,2
漁業,2
出路,2
音樂季,2
春日部,2
熱海,2
配樂,2
台北隊,2
票房,2
風格,2
性愛,2
末日,2
棒球,2
共產主義,2
貴族,2
月收入,2
上班族,2
白天,2
許仙,2
邪魔,2
歪道,2
行動,2
明海,2
工海,2
中國隊,2
歐美人,2
第四台,2
熱褲,2
保險,2
業務,2
目標,2
文明,2
離島,2
共產黨,2
小籠包,2
制海權,2
農地,2
蛇,2
超愛,2
魚油,2
歐本海默,2
牌子,2
規模,2
天險,2
樊梨花,2
災情,2
海星頭,2
最初,2
莫三比克,2
尖兵,2
運河,2
早餐店,2
道理,2
好,2
滅火器,2
軍服,2
黃昏,2
戰鬥力,2
神話,2
義美,2
君,2
文書,2
海歸派,2
現今,2
鑰匙,2
觀音,2
出,2
新海,2
主,2
香腸,2
賣相,2
特戰,2
福島,2
黃色,2
神隱,2
海殤君,2
機海戰術,2
藤原龍,2
富士山,2
博物館,2
造型,2
迷妹,2
煙囪,2
學,2
南北朝,2
產線,2
芝加哥,2
精衛,2
紀念假,2
主管,2
宗師,2
海鮮店,2
產地,2
理組,2
澎湖人,2
八掛,2
茶葉蛋,2
陣營,2
電影節,2
隊友,2
電視機,2
三亞,2
機密,2
麻六甲海峽,2
花蟹,2
蛋花,2
彭大海,2
Q_Q,2
大富翁,2
神劍,2
時間點,2
祖先,2
工程,2
油價,2
衝擊,2
網民,2
新社,2
馬達,2
海賊迷,2
紅頭嶼,2
三仙台,2
女孩子,2
王大陸,2
王大海,2
目光,2
民間,2
共,2
海防派,2
小桂子,2
蔡英文,2
本島,2
海埔,2
區,2
等,2
華為,2
運,2
中原,2
罐頭,2
三,2
台灣妹,2
溫度,2
思維,2
淚水,2
窗,2
月光,2
海生,2
新兵,2
巨,2
大雄,2
魯蛇,2
戰將,2
河濱,2
成就,2
總長,2
眼鏡,2
雙手,2
海角7號,2
台詞,2
夜晚,2
百姓,2
竹南,2
味精,2
螢幕,2
指紋,2
檔案,2
水龍頭,2
山竹,2
餛飩,2
良心,2
賤畜,2
屋馬,2
救生衣,2
嫦娥,2
靈藥,2
北美,2
新,2
網軍,2
賊,2
法律系,2
鹹酥雞,2
蚱蜢,2
海蘭,2
霸權,2
阿幹,2
當天,2
1949年,2
安迪,2
雙人床,2
母湯,2
前線,2
海蘭查,2
明玉,2
戰役,2
分屍案,2
直線,2
低價,2
藻礁,2
方言,2
海魚,2
阿滋海默症,2
湖,2
流氓,2
油水,2
花音,2
霸,2
海鮮麵,2
傘,2
海山站,2
仁愛路,2
陸路,2
王世堅,2
胸罩,2
頭頭,2
白石麻衣,2
異世界,2
南海鎮,2
處男,2
信用卡,2
隔天,2
草原,2
港覺,2
魔,2
少年,2
魚魚,2
高市,2
旋律,2
住宅,2
高雄妹,2
海道,2
背鰭,2
教主,2
主唱,2
山丘,2
海洋局,2
海航,2
真相,2
木頭,2
台17,2
…,2
技能點,2
便當店,2
暴動,2
油井,2
台北海峽,2
紅海幫,2
進度,2
魚肝,2
95年,2
湘南,2
柯文哲,2
雞湯,2
老婦,2
A片,2
外套,2
本錢,2
舊金山,2
奈奈,2
海耶克,2
寒流,2
海王子,2
麵包店,2
履歷,2
密度,2
長弓兵,2
海獺鍋,2
台胞證,2
渣男,2
論壇,2
瀏海妹,2
平面,2
景,2
人肉,2
三叉戟,2
旭海,2
爛片,2
巴西,2
書記,2
菠蘿,2
恐龍,2
海肥,2
涮涮鍋,2
難度,2
香菜,2
空海,2
中川,2
林北,2
人工,2
陣線,2
鯨豚,2
沙漠,2
女角,2
龜,2
妖精,2
尾巴,2
鳳凰,2
訊號,2
物種,2
淡水魚,2
魷魚,2
海洋王,2
郭靖,2
冰淇淋,2
姐妹,2
專板,2
赤木,2
顏家,2
海運業,2
津軽海峽,2
幹,2
椪柑,2
北港,2
商店,2
珍奶,2
4月,2
建中,2
太空,2
小魏,2
麻,2
小馮,2
徐福,2
飯捲,2
心魔,2
粉紅色,2
面子,2
赤燭,2
美心,2
統戰,2
燕子,2
商業,2
顏值,2
鴨子,2
視頻,2
毒師,2
幼稚園,2
紙,2
海龜人,2
分子,2
陳水扁,2
過去,2
肥,2
屁屁,2
蟲子,2
真心,2
龜頭,2
綠,2
鎘米,2
多明尼加,2
傍晚,2
海瑞,2
保險套,2
網友,2
紙吸管,2
竹筷,2
腎,2
中村舞,2
樹葬,2
海院,2
國台辦,2
木曜,2
猛漢,2
選擇,2
阿斯嘉,2
巨浪,2
海堤,2
暴雨,2
高麗菜車,2
海鮮角,2
髮膠,2
海鮮王,2
庫,2
習近平,2
白人,2
帽,2
鰻魚,2
情海,2
蘇州,2
義子,2
四棒,2
東區,2
湯頭,2
炮兵,1
首映會,1
情侶,1
杏子,1
吳昇桓,1
路克,1
首選,1
前公,1
立偉,1
麵食,1
福州丸,1
控肉飯,1
龍五,1
龍九,1
嫌疑,1
警政署,1
保育類,1
領事館,1
佩槍,1
商船,1
琉球群島,1
前兆,1
棒棒糖,1
起手式,1
海站,1
大尾,1
狗奶姆咪,1
南極,1
詩織,1
誓約,1
姿勢,1
平時,1
長澤雅美,1
綾瀨遙,1
政壇,1
漫吐版,1
生蠔,1
梨山,1
貨車,1
夜上海,1
馬後砲,1
完整版,1
馬鈴薯,1
退伍令,1
大覺,1
冥師,1
法王,1
鐵則,1
海森寶,1
熱帶,1
攝影師,1
釣島,1
小清新,1
科元,1
人資,1
硝子海,1
台達,1
豆瓣醬,1
丸作,1
心頭,1
九段線,1
計程車,1
陳師,1
星海四,1
泰科斯,1
雷諾,1
陳龍,1
陳潔,1
薯條,1
窮,1
證件,1
大陸妹,1
肉嗲,1
橘色,1
攤商,1
兩性,1
小池徹平,1
佛山,1
屏東市,1
國術館,1
公益,1
積極度,1
阿味,1
好朋友,1
農會,1
導火線,1
初來,1
鳥取,1
海末,1
沉船,1
飛天,1
硫磺島,1
屏東人,1
海克力斯,1
天賦,1
橄欖油,1
松阪,1
大一,1
子孫,1
禮運,1
胡,1
令,1
海令,1
海倫菁桃,1
學期,1
屁話,1
海瓜子湯,1
陳奕迅,1
船艙,1
史嘉蕾,1
珍尼佛,1
安海瑟威安海,1
羅盤葉,1
能量,1
皮垢,1
一元海,1
航海家號,1
問,1
永靈刀,1
伽摟羅刀,1
樽,1
量子,1
衛星,1
公孫瓚,1
豐臣秀吉,1
朝鮮,1
酋長,1
青雉,1
胖子黨,1
麻辣鍋,1
天海春香,1
斧頭,1
今敏,1
大友克洋,1
鯊魚機,1
比目魚,1
平潭,1
金鋼狼,1
亞曼德,1
海X,1
衛福部,1
日XX,1
業配,1
圖檔,1
鹿,1
韓式,1
泡菜,1
豆芽菜,1
大使,1
艋舺,1
拿巴隆,1
海軍隊,1
想像,1
八十,1
八荒,1
藏人,1
店家,1
功夫,1
小吃店,1
牙籤,1
單程車票,1
風飛沙,1
茶葉罐,1
樑絲繪,1
人面,1
獅身,1
掌聲,1
口哨,1
單點,1
語言,1
工具書,1
哈利,1
國防部長,1
七桃,1
晚清,1
七心海棠,1
毒物,1
曼秀雷敦,1
星海鑽1,1
銅V,1
郵局,1
拳婦,1
根本博,1
海爸王,1
爺,1
魔神仔,1
豬肉粽,1
王八蛋蛋,1
牽牛花,1
板上,1
健保,1
小狗灣,1
巴里島,1
師兄,1
圖騰,1
服飾,1
島系,1
迷迷,1
禽流感,1
鴨,1
辛龍,1
南極洲,1
日軍,1
游,1
中國海峽,1
石膏,1
海藻　,1
手模,1
台聯,1
丹丹,1
炸雞排,1
黛青塔娜,1
青海湖,1
東海角,1
桃市,1
海陸軍,1
冤魂,1
絲,1
神人,1
西子,1
地殼,1
證據,1
王蟲,1
氣氣,1
中時,1
貼文,1
頭板,1
寒舍,1
艾美,1
軸心國,1
海明燈,1
小型犬,1
毒爆蟲,1
化學兵,1
台星,1
北宋,1
釋贊寧,1
川學海,1
鍋貼界,1
海盜桶,1
歐,1
幹線,1
例一休,1
大奶,1
迷海砂羅利滾,1
突擊隊,1
海援隊,1
同盟會,1
巴拿馬籍,1
老外,1
許文強,1
曉明,1
老妹,1
高餐,1
兔子,1
過譽,1
斷崖,1
大老,1
胸膛,1
半導體,1
東歐,1
__,1
精神病患,1
牡丹花,1
貧民窟,1
漁獲,1
海他董,1
基中,1
海大附中,1
考試,1
馬力克,1
陳建宏,1
窩點,1
劇本,1
篇,1
掌門人,1
十二月,1
古天樂,1
尋秦記,1
流速,1
雄王,1
畢業生,1
短髮,1
孟德斯鳩,1
提告,1
北海島,1
真珠,1
技巧,1
坦克車,1
菜單,1
現,1
海沙子,1
少年人,1
杜詩梅,1
永春站,1
遊龍店,1
副都心,1
大咖,1
三寶,1
高校生,1
西門子,1
比喻,1
海哲皮,1
鹼性,1
離子,1
物流業,1
市郊,1
陽明山,1
後花園,1
外套界,1
人稱,1
巨業,1
賽亞人,1
王子,1
英吉利海峽,1
士氣,1
東芝,1
猶太人,1
近親,1
準噶爾,1
教科書,1
海成,1
機台,1
惡龍,1
豪門,1
林寶生,1
康是美,1
屈臣氏,1
徐曉東,1
蝸牛,1
桶子雞,1
皮蛋,1
瘦肉,1
蔥花,1
級分,1
田中實加,1
伊湄,1
交換品,1
頭殼,1
裂孔,1
羅宋,1
匹茲堡,1
康州,1
紐海文,1
橋頭,1
機械,1
楓康,1
金城武,1
宏海,1
張,1
航空城,1
西域,1
海灣,1
日照,1
風場,1
西瓜臉,1
浴巾,1
時機,1
草,1
海洋科,1
大跟永,1
國徽,1
海鵰,1
月薪資,1
姨丈,1
服務生,1
作業員,1
低薪,1
凶手,1
航母群,1
恐,1
花瓜,1
榮民,1
性能,1
外型,1
前身,1
奇,1
謀,1
收視率,1
煤,1
海豚彎,1
馬後炮,1
美帝,1
楊伊湄,1
聖結石,1
畢旅,1
鷹眼,1
鞋子,1
棉被套,1
原ちとせ,1
潛水衣,1
印度人,1
傑西,1
帶,1
臺北市,1
北海道駅,1
北京东站,1
文生,1
麻煩,1
巷口,1
逆管,1
海茸,1
堅果,1
英文醬,1
海豚醬,1
腸胃炎,1
頭像,1
動動腦,1
中國民國,1
糧食,1
海權論,1
老頭,1
陳式,1
太極,1
王占海,1
橄欖球員,1
愛意,1
海鮮式,1
魚板,1
泉洲國,1
王室,1
海涅,1
石田百合子,1
派大星,1
唐,1
義肢,1
歷代,1
福爾摩莎,1
電競界,1
地點,1
海江田,1
太太,1
泳褲,1
店數,1
幼,1
奧提斯,1
蔣機,1
阿拉斯加,1
密卡登,1
拉,1
小埋,1
海老明,1
中川圭一,1
李婉鈺,1
劉樂研,1
邱惠美,1
嫡孫,1
天主教,1
終身,1
發言人,1
興蘭,1
預警,1
野付郡,1
別海町,1
小南,1
小舞,1
吐瓦魯,1
紫髮,1
米國人,1
定存股,1
值,1
幹麻,1
定點,1
西子灣,1
七龍珠化,1
海關鎖,1
人狼城,1
氣氛,1
保障,1
課金,1
超館智幸,1
織田信長,1
網頁,1
北極,1
蠟筆,1
北平,1
趙雲,1
襄平,1
大牌,1
瀏海蓋,1
車秀賢,1
李在韓,1
成分,1
水桶,1
幻覺,1
爭霸,1
拉皮阿海,1
海惜珠,1
獎學金,1
軟銀,1
靜,1
中外,1
煤灰,1
轉爐石,1
狗蛋,1
大兵,1
據點,1
足球,1
校隊,1
海軍王,1
先前,1
大溪地,1
茅草屋,1
表哥,1
英吉利海,1
風浪,1
詩人,1
歌名,1
景女,1
美媒,1
蜀,1
犬,1
騎士,1
胯,1
商學院,1
阿肥,1
華碩,1
賭廳,1
軍區,1
口條,1
坂本龍馬,1
高強度,1
週,1
建築系,1
關指部,1
李連杰,1
人大,1
槍法,1
巫婆,1
海葵,1
肛門,1
宅女,1
殘體字,1
蚌,1
定義,1
吸血鬼,1
霓虹心,1
登陸點,1
樂趣,1
同質性,1
商品,1
超像力王,1
水管,1
士官長,1
歸亞蕾,1
尚萬強,1
越南妹,1
字庫,1
生僻字,1
點字法,1
海軍服,1
步槍,1
海未,1
桌,1
基督教,1
碉堡,1
膠帶,1
門窗,1
縫隙,1
梁羽生,1
白髮,1
魔女,1
傳,1
天山,1
玉弓緣,1
蓮心,1
大嬸,1
黑森林,1
殿堂,1
芳心,1
海鮮師,1
業力,1
病氣,1
吉祥物,1
任天堂,1
首,1
巴巴羅薩,1
海雷丁,1
性盒,1
粽包,1
幼兒園,1
黃金海岸,1
鋼,1
海倫仙島,1
司法官,1
越妹,1
安·海瑟薇,1
心結,1
邱,1
主任,1
戈登,1
咪,1
雙人組,1
亞絲娜,1
三娜,1
柯p,1
美學,1
潛能,1
納豆海,1
散打王,1
柳海龍,1
小丸子,1
解,1
琉球,1
重量級,1
怒火,1
名稱,1
鄭經,1
海哨,1
手臂,1
狗鍊,1
軍犬,1
波灣,1
腦粉,1
日迷,1
清明節,1
大台北,1
盤查員,1
禮,1
手兒,1
海神叉,1
鐵鍊,1
楊桃,1
崎頂,1
養子,1
埔,1
老人與海,1
奶”,1
張學友,1
幹架,1
法學,1
教授群,1
獎品,1
星海坊,1
濤哥,1
蓋亞,1
頭部,1
沐浴乳,1
斗篷,1
海底輪,1
鼻,1
物理性,1
鼻炎,1
海盜戰,1
澎拜,1
乾哥,1
刺,1
海虎,1
露天,1
酒吧街,1
棒球賽,1
中華隊,1
時空,1
銅像,1
森海聲,1
電信商,1
海釣客,1
夕,1
腓腸,1
冬瓜,1
創世神辭,1
海蒂,1
燉飯,1
開水,1
榨菜,1
黑死病,1
十字,1
骷髏,1
魔法部,1
摔角,1
補教,1
蘇美,1
興大,1
建案,1
血型,1
馨香,1
劉玄德盃,1
低學歷,1
寒天,1
普悠瑪,1
莒光號,1
寒蟬,1
五,1
崗位,1
母國,1
空官,1
海官,1
陸官,1
國管院,1
會計,1
統計,1
仙山,1
海羊,1
海兔,1
老董,1
瀏海梅粉,1
角度,1
南京路,1
電影板,1
機槍兵,1
陸逆,1
雲霄飛車,1
安全帶,1
雲宵,1
亞泥,1
元智,1
人造陸,1
陳凰鳳,1
卡爾文森號,1
勝率,1
球衣,1
湖人牧,1
魔術,1
強森,1
金馬澎,1
網咖,1
金色,1
草地,1
變,1
腎結石,1
阿兵哥,1
攬,1
時尚,1
元祖,1
海盜罪,1
事由,1
胡哥,1
南海圖,1
爌肉飯,1
雞肉飯,1
夜車,1
文華,1
興大海,1
酒精,1
傷害,1
空戰,1
古董船,1
阿聯酋,1
影音,1
南基,1
台北區,1
海魔,1
輪胎,1
陳平偉,1
紀念,1
新年,1
青梅竹馬,1
煎鍋貼,1
藏,1
靈力,1
片段,1
景美衣,1
美景,1
陳,1
海月姬,1
戰國,1
原地,1
那霸,1
海森威,1
暮光之城,1
正統,1
李自成,1
南明,1
零錢,1
櫻花莊,1
赤佬,1
下江人,1
責任,1
收視,1
吉,1
火鳳,1
三芝,1
簽證,1
滇,1
八卦版,1
矽谷,1
茂伯,1
安平港,1
烏木,1
金絲楠,1
紫檀,1
梨,1
玉子,1
甘,1
ㄅ,1
海角仔,1
斗內,1
潘仔,1
白瓷,1
實話,1
仇女,1
阮綴伊,1
伙伴,1
火雞肉飯,1
中場,1
聯發科,1
班長,1
陳國星,1
擋土牆,1
海桃,1
海音村,1
杯,1
警案,1
權,1
海珊人,1
陳赫,1
曾小賢,1
贈禮,1
答案,1
人頭,1
麗泰海華斯,1
地中海型,1
狼倉性,1
紅斑炎,1
僑民,1
保費,1
幸,1
蝶戀花,1
水滸傳,1
阿40萬,1
蓮心冰,1
年代,1
葛萊美,1
伊西絲,1
歐貝利斯克,1
內政,1
阿富汗,1
一級,1
婚姻,1
理工,1
馬子狗,1
贛,1
先民,1
靈感,1
神像,1
機緣,1
高樓,1
崁仔頂,1
海鮮攤,1
獸人海,1
眉毛,1
清淨機,1
桃乾,1
女團,1
騙人布,1
貨櫃屋,1
小孩子,1
海綿寶,1
將帥,1
茄萣區,1
尼格,1
海k,1
保生,1
大阪王,1
將,1
妻子,1
松仁路,1
奧美,1
麥龐郎,1
豆,1
導拍,1
航海母艦,1
招牌菜,1
煎鍋,1
結構,1
華東,1
武漢,1
長沙,1
南昌,1
新秀,1
理海,1
荷蘭人,1
用意,1
豬狗,1
瓜,1
雙豚丼,1
廠,1
獄友,1
歐亞,1
中亞,1
歐巴,1
氣,1
情人,1
學院,1
轉學考,1
首富,1
搖籃,1
雷克雅未克,1
九份,1
洮,1
藍營,1
政論,1
眼光,1
彭海,1
民進黨,1
歌迷,1
孔融,1
太史慈,1
造船系,1
宋帝,1
趙昺,1
身高,1
十里洋場,1
公布欄,1
數學,1
世代性,1
楊海,1
神乎奇技,1
炮,1
班次,1
輸城,1
巡護船,1
輔仁,1
紀念堂,1
澤西,1
鬼怪,1
西門,1
海法所,1
司法界,1
送,1
法所,1
亞州,1
海嵾威,1
體感,1
地上海,1
老郭,1
三國演義,1
越南店,1
茶店,1
救難隊,1
二兵,1
D3,1
秋名,1
輸送帶,1
駕訓班,1
摩拜,1
單車,1
心得,1
遠東,1
徐,1
裸婚,1
項鍊,1
姚立明,1
專輯,1
海放線上,1
需量,1
秀,1
綠燈,1
四海皆平,1
桶仔雞,1
廣場,1
祖,1
麻布袋,1
校方,1
平常人,1
枋山,1
森山,1
花園,1
雪隧,1
筆樣,1
專機,1
屎尿,1
山岡士郎,1
海原雄三,1
後見之明,1
南京,1
杭州,1
光陵,1
張惠妹,1
澎,1
力氣,1
爛泥,1
刷龍,1
婚姻熱,1
克比,1
大調,1
動物權,1
電費,1
鑽地機,1
微積分,1
政黨,1
政策,1
肉粽角,1
奇葩圖,1
重,1
災區,1
黃琪剛,1
板凳,1
後場,1
陋習,1
好事多買,1
卡辣姆,1
辣味,1
薯片,1
時代曲,1
海游龍,1
武陵,1
櫻花,1
福壽山,1
天池,1
南橫,1
大關山,1
神風,1
流水,1
雲端,1
軟,1
血汗,1
加班費,1
雙線,1
AV,1
女優,1
發電機,1
波塞頓,1
學系,1
大一生,1
山苦瓜,1
阿古豬,1
沖繩麵,1
紫芋頭,1
移民署,1
檢疫局,1
農委會,1
妹台味,1
神鬼奇航,1
加勒比,1
片名,1
騎兵,1
天下,1
春日鄉,1
金峰鄉,1
瑪家鄉,1
霧台鄉,1
延平鄉,1
海端鄉,1
去程,1
萬巒,1
回程,1
幫兇,1
旅館,1
套子,1
點數,1
平安夜,1
鐘聲,1
廢文,1
東海湖,1
中心島,1
鐘,1
究極龍,1
柯黑幫,1
賈靜雯,1
山頂,1
吳哥窟,1
海笑,1
指向技,1
範圍技,1
1977年,1
霍建華,1
葛屁,1
當今,1
美貌,1
玳瑁,1
魔導,1
七股,1
是,1
週期波,1
時光屋,1
車主,1
漢克,1
姐夫,1
白羅,1
肥婆,1
海豹系,1
企鵝粉,1
窩穿,1
期末,1
對聯,1
明治維新,1
夜間,1
燈,1
菜園,1
蘿蔔,1
演,1
副業,1
蝙蝠裝,1
海韻,1
普大,1
表特,1
佛教,1
園區,1
逃兵,1
夢想,1
劇情片,1
青道,1
西,1
浦,1
甲子園,1
相膜,1
坑,1
關,1
台籍,1
日本兵,1
海萊因,1
吧台,1
易經,1
哲學,1
姪女,1
主角機,1
拉格納羅斯,1
吉岡里帆,1
沙子,1
臺,1
越南人,1
蜜桃,1
頭皮屑,1
海倫仙度斯,1
香酥雞,1
台灣團,1
制度,1
鐵木真,1
南勢角,1
中山,1
開封,1
包莖,1
粉色系,1
少婦,1
漫研社,1
子女,1
電磁波,1
掛,1
陳德銘,1
婦人,1
海鮮話,1
三商,1
巧福,1
花蓮人,1
英文名,1
黑貓,1
裨海,1
內地人,1
蔣,1
阿法,1
軍閥,1
錢X,1
仙,1
王王,1
王八,1
深圳市,1
遊龍點,1
招式,1
自強號,1
始祖,1
身份證,1
號碼,1
蓋兒,1
方季惟,1
高級貨,1
科技觀,1
螺旋槳,1
巴其,1
經濟系,1
陸家嘴,1
漢字,1
宴席,1
香港男,1
壕溝,1
發明,1
諾貝爾獎,1
本土劇,1
羅拿,1
哥巴,1
妻夫,1
松嶋菜菜子,1
女王,1
粉餅,1
粉底液,1
暖流,1
可樂果,1
小拇指,1
集逆,1
生產鏈,1
鏡片,1
輪椅,1
下坡,1
專頁,1
道路,1
魯夫艾斯薩波,1
論文,1
海豚骨,1
核廢,1
中繼站,1
車廠,1
辛普森,1
安納托利亞,1
羅馬尼亞,1
保加利亞,1
面海,1
資管,1
鴕屎阿,1
噪音,1
貴格,1
燕麥片,1
位階,1
金字塔,1
霸業,1
榮恩,1
星野,1
七海奈奈,1
白羅家,1
羅根,1
安杜因,1
領地,1
粉裝物,1
西遊記,1
鏡花緣,1
端午節,1
屎蛋,1
陳星,1
仗,1
交匯地,1
行政區,1
海菜,1
雞頭,1
人妻,1
高危險群,1
工業國,1
代工廠,1
全家,1
布琳,1
羅馬人,1
情誼,1
節奏,1
傷口,1
牌位,1
山村志津子,1
手遊界,1
蘇花高,1
怪物,1
海芋池,1
儲點,1
代理商,1
圍棋,1
藍線,1
神岡,1
半山腰,1
火災,1
董事,1
謝遜,1
海鯨幫,1
發哥,1
管理權,1
敗筆,1
汽機車,1
蚊子館,1
分局長,1
韓國城,1
諾貝爾,1
文學獎,1
得主,1
納智捷,1
鐵底,1
鉻,1
高畫質版,1
破壞神,1
酒吧,1
蔣經國,1
鐵板,1
酒客,1
言葉,1
開司,1
理想,1
延海,1
神作一護,1
木葉,1
國旅團,1
外交,1
廢棄物,1
6月,1
4號,1
繁體,1
T,1
救護隊,1
出租車,1
主義,1
奶大,1
基情,1
國海軍,1
海驢,1
許效舜,1
申論題,1
評委,1
文泰,1
括海,1
山坡,1
墳群,1
景觀,1
陽性,1
老祖先,1
gg,1
休傑,1
宅宅把妹,1
翻版,1
阿滋海默,1
腦部,1
斷層,1
麥哲倫,1
瑞士,1
維京群島,1
開曼群島,1
平民,1
睪丸,1
行動電源,1
外殼,1
哪時,1
足,1
菜飯,1
結構圖,1
金山,1
廢墟,1
雅倫,1
海味島風,1
眼力,1
湖口,1
肉眼,1
果凍物,1
屌,1
本質,1
帕海貝爾,1
卡農,1
海底城,1
歲月,1
成大器,1
杜月,1
股神,1
比亞迪,1
合歡山,1
銀河,1
美國版,1
仁山利舒,1
全智賢,1
海克力士,1
熱帶魚,1
老年,1
大師級,1
爐石,1
單機,1
肝,1
旗幟,1
薛,1
高美,1
濕地,1
松屋,1
製程,1
文件,1
秋海棠版,1
干,1
鳥事,1
龍宮貝,1
海賊桶,1
冥燈,1
信眾,1
偶像劇,1
南部人,1
中國航,1
廢鐵,1
海馬賴人,1
企業家,1
蒟蒻,1
海爾賽,1
臺獨,1
四葉草,1
林明禎,1
超星拳,1
達人級,1
時雨,1
美雲,1
月港,1
半生,1
海馬座,1
奶妹,1
條碼貓,1
瀏海貓,1
航運,1
新歡,1
天才型,1
黑市,1
輻射,1
鋼筋,1
農藥,1
蔬菜,1
病死雞,1
高橋涼介,1
觀點,1
鳴梁,1
巴掌,1
聖母,1
上帝,1
布丁,1
蝦腦,1
M型禿,1
企管系,1
文憑,1
今日,1
國慘,1
明金城,1
金華路,1
標靶,1
周潤發,1
黃曉明,1
海鮮餃,1
經理人,1
啦啦隊,1
淡水區,1
基隆市,1
影星,1
捷運站,1
手速星海,1
鱉,1
董座,1
林崑海,1
鴨片,1
英軍,1
台61線,1
濱海,1
幹部,1
內功,1
民車,1
裡技,1
暑修,1
餐桌,1
江大大,1
高職,1
面貌,1
成都,1
倉庫,1
尚恩,1
甩尾王,1
鬼話,1
女屁,1
概線,1
財閥,1
供應鏈,1
金融業,1
金錢鮑,1
年貨,1
大街,1
程式,1
景美,1
女中,1
雇員,1
戰犯,1
米洛塞維奇,1
塞爾維亞人,1
塞,1
公務,1
帆,1
蘇藝芬,1
蛤蠣,1
蜆,1
壓倉貨,1
搏派,1
狂派,1
鄉親,1
思想,1
愛恨,1
情仇,1
領悟力,1
砂糖,1
本子,1
包裝,1
浩劫,1
竹葉,1
援助,1
工作會,1
笑點,1
竹子湖,1
普普,1
海非茲,1
阿星,1
阿宅,1
滄海難為水,1
元稹,1
詩,1
隔年,1
大炮,1
王力宏,1
武當派,1
援軍,1
櫥櫃,1
拉蔻兒薇芝,1
老鼠,1
技術人員,1
盜懶覺,1
曹植海,1
曹丕,1
83年,1
昆陽艦,1
乞丐兵,1
統神,1
安西,1
藤真,1
排行榜,1
日本海峽,1
鋼鍊,1
魚人島,1
首發,1
海鮮台,1
海血書,1
新手,1
驚聳片,1
閒雜人等,1
轟炸機,1
馬海峽,1
女樸,1
野貓,1
野狗,1
風向會,1
蘿拉,1
槍管,1
街景,1
事物,1
麥克風,1
舞,1
散打,1
吳清源,1
林海峰,1
龍騰,1
阿不,1
橋本奈奈,1
潤餅,1
麵皮,1
警,1
哈佛,1
田中實,1
行情,1
白骨,1
鯰魚,1
震央,1
遠海,1
計程船,1
白蟻,1
英文課,1
母鑑,1
效率,1
濃縮液,1
負離子,1
霾,1
六福村,1
海邊文,1
謝和弦,1
龍海,1
東西向,1
南北向,1
美加,1
理工科,1
浮洲,1
中國航母,1
文心,1
青海路口,1
星海三,1
資料片,1
仿冒品,1
絕海,1
偵探,1
間諜,1
叔叔,1
淺海,1
陰謀,1
南一中,1
隔壁班,1
海倫迌,1
李遠哲,1
水壓,1
奧秘,1
哥德海,1
神奈川縣,1
首相,1
毛利斯,1
張海放,1
面前,1
棋0王篇,1
海賊王篇,1
脂肪,1
狼師,1
刺客,1
教條,1
天啟海,1
光棱海,1
海桃姐,1
違建,1
尼米茲,1
五郎,1
部位,1
差,1
龍泉,1
電磁砲,1
蓋頭,1
白書,1
禁句,1
戲份,1
城戶,1
柳澤,1
睡衣,1
百貨公司,1
週記,1
班導,1
佛跳粽,1
主體,1
鐵支爺,1
海豆,1
鄰居妹,1
叻沙,1
泡飯,1
畫,1
饗宴,1
戈林,1
裴勇俊,1
師奶,1
裴,1
錢哥,1
仙劍哥,1
蛋餅,1
根本,1
卡古阿莫,1
演歌,1
曲子,1
A,1
E,1
一瞬間,1
異性戀,1
寶塚,1
男朋友,1
海老名,1
地平線,1
肖威,1
龍山寺,1
陸基,1
學生會,1
空氣罐,1
郵差,1
鄭克塽,1
豬哥亮,1
縱谷,1
田園,1
風光,1
農民,1
戶籍,1
登別熊,1
牧場,1
極龍,1
獸人,1
紅酒,1
土味,1
北投,1
偽娘,1
華語,1
海陸腔,1
音調,1
韶安腔,1
胡瓜,1
陽帆,1
陳宗海,1
八嘎版,1
高海千秋,1
裝扮,1
齊瓦哥,1
梨花樹,1
淪陷區,1
扮相,1
河北省,1
屁啦,1
魔蠍,1
海格力士,1
吳海英,1
廣瀨海,1
広瀨うみ,1
梟雄,1
政戰,1
校友,1
內海薰,1
功用,1
學園,1
蜘蛛,1
關稅,1
進口車,1
張傑森,1
史坦森,1
預防針,1
天海佑希,1
狀況,1
海鷗社,1
餅乾,1
充公品,1
賣場,1
雙非,1
報價,1
海自用,1
伊勢日向,1
海鮑魚,1
藍鳥,1
豪,1
特性,1
主因,1
安檢門,1
福座,1
材質,1
尼,1
火精靈,1
伊布,1
人工島,1
蘇迪勒,1
杜鵑,1
陣風,1
蜂窩,1
中秋,1
病毒,1
馬變,1
魚丸湯,1
海帶幫,1
消費者,1
乃哥,1
恩,1
法學士,1
碩,1
公務員,1
軟硬體,1
美國文組,1
當地,1
理工組,1
學門,1
漁夫,1
石鎚,1
角角,1
李宗瑞,1
本州島,1
樺太,1
秋田,1
通靈王,1
鋒哥,1
高度,1
空難,1
死者,1
雕刻師,1
伙委,1
臉色,1
循環,1
海X王,1
史公子,1
西門慶,1
賈伯斯,1
甲阿海馬,1
小智,1
對象,1
交椅,1
海陸戰,1
寶傑,1
彈,1
高等區,1
新手村,1
本部,1
瑛姑,1
役,1
海盜黨,1
保成,1
高點,1
補大,1
島村,1
卯月,1
春香,1
春日,1
矮人,1
聖騎,1
哥不林,1
浮力,1
花瓶,1
名子,1
櫃台,1
文青,1
芝麻,1
鰹,1
魚干片,1
自閉兒,1
輔大,1
夷陵,1
陸遜,1
渣,1
王品,1
米其林,1
教會,1
神手,1
鎮瀾居,1
肉粽墅,1
鸚鵡,1
纜車,1
辦公室,1
地理系,1
形式,1
義,1
羅漢腳,1
小女孩,1
束褲,1
澳洲,1
泡泡浴,1
旅順,1
蚵乾,1
中信,1
季末,1
海盜隊,1
創始人,1
血淚,1
品種,1
最愛團,1
暴力,1
天啟,1
日幣,1
中谷美紀海,1
中油,1
台G電,1
風聲,1
清張,1
波,1
風潮,1
海英,1
警衛,1
煎包,1
張雨生,1
外,1
場,1
花蓮溪,1
身分,1
冥,1
龍鍋貼,1
腐味,1
紅豆,1
寄生獸,1
訓練師,1
口愛,1
包包,1
迪斯尼,1
佛心,1
南海群島,1
閃靈,1
中港路,1
奇景,1
井上,1
集英社,1
周董,1
六輕,1
死亡率,1
體味,1
郎君,1
神族,1
劉海妹,1
武蔵號,1
妓者群,1
海商,1
法律師,1
犯人,1
黃種人,1
輕功,1
國際級,1
味噌湯,1
海羊齒,1
銀海,1
薩克,1
超像,1
阿冠軍,1
人二X,1
獸醫,1
央,1
海斗,1
凱特,1
6/19,1
週日,1
4-5,1
海山路,1
稀有品,1
海獅會,1
猩猩,1
彩繪,1
仁,1
永邦,1
標價,1
內臟,1
豆類,1
火鍋湯,1
肉類,1
難波,1
台配,1
卜學亮,1
海x,1
紫衣,1
聖人,1
海鞘,1
海菠蘿,1
腦補,1
克里奧語,1
詞彙,1
爭議國,1
造景,1
中標,1
山寨車,1
海賊船,1
索龍,1
掛軸書,1
床單,1
原狀,1
高溫,1
津貼,1
中期,1
鐵皮屋,1
藤虎,1
小魯夫,1
馴鹿,1
荊棘,1
起點,1
洲子灣,1
下火鍋,1
海鮮貨,1
東玉山,1
海之,1
XX,1
警衛營,1
歐陸,1
志工,1
張順瑋,1
畜牧,1
海檬果,1
舊,1
市人,1
小白,1
人性,1
農作,1
漁產,1
短期,1
哥爸,1
紅茶攤,1
電擊棒,1
現制,1
金融海嘯,1
源氏,1
丘陵,1
平原,1
武獲室,1
耳朵,1
大海味,1
懸崖,1
國造,1
油漆,1
海原,1
雄山,1
海員,1
雷達站,1
砲,1
必要性,1
鬼子,1
天網,1
準度,1
火雞,1
感受,1
共匪,1
96年,1
母艦,1
密碼,1
祖國版,1
兩國論,1
蟻篇,1
對白,1
營區,1
雄,1
反潛機,1
報導,1
射程,1
靈長類,1
珍古德,1
射控,1
風險,1
養機廠,1
重地,1
阿帕契,1
-,1
老共,1
鄭成功,1
型錄,1
恩去,1
母親,1
刑責,1
老阿嬤,1
海裡,1
電影院,1
營長,1
大本營,1
澡盆,1
將官,1
無上師,1
口,1
体,1
愛滋器捐,1
身分證,1
砂,1
路跑,1
岳,1
麥克,1
涂,1
星國,1
1點,1
預士,1
雙語,1
山口,1
指揮,1
金世正,1
殺傷力,1
黨工,1
鞭,1
鎮海宮,1
七王爺,1
靈籤,1
超市,1
數碼,1
拓海開,1
特斯拉,1
神眉,1
多利魚,1
多莉魚,1
性質,1
牢房,1
預拌車,1
海淘,1
烏拉諾斯,1
精液,1
蛋白質,1
含量,1
海坊主,1
風火海,1
颱風尾,1
閩人,1
阿包準,1
效用,1
島嶼,1
新局,1
習,1
嘉慶,1
馬爾地夫,1
案情,1
表面,1
目,1
副本,1
南沙,1
礁,1
人跡,1
底線,1
黃岩島,1
日版,1
瓜子,1
晴風號,1
角力,1
參考用,1
文宣,1
依據,1
賣國馬,1
菩薩,1
樂勝,1
溫室,1
阿爸,1
份,1
南海案,1
謎…,1
醬料,1
假象,1
義勇軍,1
戰時,1
光頭,1
意圖,1
骨子裡,1
歪,1
機機,1
大哥,1
社長,1
高校,1
溪水,1
法門,1
友,1
周大福,1
上海包,1
老大哥,1
箭海,1
態度,1
王育敏,1
漁場,1
晶,1
外交部,1
納土納,1
海巡艦,1
頑童,1
蛋堡,1
蝦夷,1
德川,1
岡山,1
羊肉,1
旗山,1
情慾,1
政變,1
賭場,1
奶罩,1
雷屁雷,1
劫,1
深灰色,1
當局,1
蝦膏,1
蟹黃,1
交通費,1
俄語,1
地下,1
司令,1
假期,1
三教九流,1
山姆,1
海撈,1
白鯧魚,1
賽魯篇,1
天津飯,1
台北縣,1
媒山,1
礦災,1
齊國,1
後裔,1
血性,1
地名,1
堡壘,1
小豪,1
賽車手,1
豬耳朵,1
茅海,1
大史慈,1
烘爐地,1
水患,1
蔘莖,1
嘉義人,1
冰店,1
理,1
農,1
東海工,1
商,1
配備,1
竹椅,1
雲科大,1
長庚,1
歐亞大陸,1
林濁水,1
期貨,1
騙子,1
臉照,1
國際賽,1
所有人,1
人造人,1
菸酒生,1
飆車族,1
名產,1
阿海棠,1
戰情,1
戰情室,1
海圖,1
深山,1
野溪,1
魔獸人,1
中小型,1
派里,1
奶奶,1
園田海未,1
拎北,1
黃土,1
高坡,1
外商,1
強者,1
官司,1
國賠,1
通海閥,1
俾斯麥號,1
派,1
大星,1
海水缸,1
饅頭,1
常溫,1
紫蘇葉,1
蘿蔔絲,1
松露,1
火窟,1
霧,1
補丁,1
白素貞,1
咖理,1
戰前,1
產物,1
牛豬,1
羊雞,1
小卷,1
魚排,1
番茄醬,1
毒性,1
正晶,1
胸襟,1
丁字褲,1
粉紅,1
快炒店,1
中年人,1
三重,1
威風,1
泡沫,1
維納斯,1
噱頭,1
八國聯軍,1
軍事片,1
文膽,1
頭文字,1
南葛,1
運動服,1
泡菜人,1
工海系,1
斑馬,1
槍枝,1
漏洞,1
鼻祖,1
周屌,1
性生活,1
廉航,1
挑兵,1
肉肉,1
體型,1
海森崴,1
進行程,1
大胸,1
理髮師,1
靜安寺,1
希爾頓,1
宵夜,1
夢幻隊,1
古早,1
朱茵,1
武媚娘,1
櫃檯,1
機電,1
記憶體,1
外省腔,1
里約,1
瑜伽篇,1
藤浪,1
黨主席,1
阿麗,1
鄭依健,1
香檳,1
朱元璋,1
大明,1
暴風鷹,1
牛角,1
台味,1
t恤,1
海灘拖,1
青少年,1
八方,1
海西,1
機八,1
喇嘛,1
高麗妹,1
廚藝海,1
登陸艇,1
從前,1
專款,1
園田海,1
中縣,1
金牌,1
麥特戴蒙,1
馬克華博格,1
回族,1
微微,1
沙拉,1
海鮮菜,1
奈米哥,1
高軟,1
趣味,1
龍華,1
夜店,1
建地,1
國有地,1
海派,1
海對面,1
巴基,1
王寶強,1
安德魯.,1
政治學,1
目的地,1
生,1
豆丁,1
主流,1
神車,1
法力,1
沙暴,1
小型,1
表弟,1
洋地,1
午餐,1
晚餐,1
桶子,1
書畫,1
阿間,1
絲襪,1
九命人,1
話說,1
身邊,1
塔位,1
千秋,1
排列數,1
陳綺貞,1
製片,1
名古屋,1
寒假,1
(,1
心理系,1
炎亞綸,1
TKB,1
偉文,1
損友,1
金剛,1
髮質,1
摩擦力,1
海區,1
土屋,1
牙膏,1
馬達海,1
隊伍,1
大園,1
山難,1
延平,1
南風,1
氣流,1
太郎,1
英國佬,1
暴龍獸,1
鋼鐵,1
海龍獸,1
萬三,1
海門,1
系統廠,1
編劇,1
夢蘿,1
陳菊,1
人馬,1
肥貓,1
人格,1
口氣,1
佐野雛子,1
棒賽,1
魯肉飯,1
地勤,1
胡家綾,1
天空之城,1
葉門,1
四小龍,1
風評,1
伸港,1
線西,1
龍井,1
布袋,1
竹筏,1
瑪莉歐,1
觸摸池,1
海撈針,1
庫柏,1
週末,1
八點,1
笑容,1
海華堂,1
善事,1
林飛帆,1
奶昔哥,1
史努比,1
9月,1
均價,1
胃線蟲,1
魯霸海格,1
多魯,1
牛肉湯麵,1
谷懷萱,1
海洋法系,1
衝突點,1
重災區,1
家門,1
臺語,1
實驗林,1
換日線,1
裙子,1
海灘圖,1
虎井連,1
整,1
漢神,1
列寧格勒,1
母,1
海鮮丼用,1
發表會,1
萬達,1
佛羅里達,1
金槍魚,1
野柳,1
禮服,1
戎裝,1
關之琳,1
張曼玉,1
轉彎界,1
東瀛線,1
海境線,1
消坡塊,1
酒肉,1
海x系,1
T恤,1
軍火,1
海靈,1
妮可基嫚,1
烏雲,1
索馬立亞,1
血海,1
毒梟,1
冰塊,1
精神,1
疾病,1
外星,1
外地人,1
臉蛋,1
最愛,1
排骨,1
酥湯,1
豆皮,1
虎,1
台版,1
勇者,1
義彥,1
魯夫版,1
抓餅,1
紫爵,1
楓,1
林,1
大統領,1
自願役,1
小青,1
蘇聯,1
遺產,1
錄音室,1
桑田滄海,1
勇氣,1
垃圾戟,1
士官,1
超正,1
人界,1
胎海娼姬,1
接班人,1
海科,1
內,1
倭人,1
歲時,1
見,1
摩根費里曼,1
海事展,1
主菜,1
雞絲飯,1
御便當,1
阿飄,1
海戰隊,1
戰局,1
娘親,1
情緒,1
腥味,1
武昌,1
黑牛,1
國防部,1
贈品,1
資料集,1
超合金,1
貞操帶,1
雞肋,1
銅人,1
元氣,1
本館店,1
平日,1
東華東海,1
西台,1
砲車,1
新桓,1
安海無,1
上師,1
同盟國,1
元兇,1
瑞凡,1
風頭,1
海底針,1
突擊艇,1
顏姓,1
好萊塢,1
B級片,1
特效,1
毒姬,1
絕體,1
企劃,1
台劇,1
書文兄,1
船類,1
統聯,1
客運,1
轉運站,1
曾政承,1
北市,1
國泰,1
鑽石,1
卡帶,1
呆丸國,1
光學,1
成,1
大谷翔平,1
六點,1
藍,1
飛地,1
醬子,1
大夜,1
餐飲店,1
美乃滋,1
爛梗,1
星爺,1
勁敵,1
小學,1
恆春,1
桐人,1
魔斗海牙,1
殺戒,1
鑽石級,1
黃秋生,1
周星馳,1
海產粥,1
丈夫,1
阿賓,1
滷海,1
蝶式,1
三峽,1
合菜界,1
吼皮,1
颱風眼,1
馬眼,1
方塊,1
勞塞鬍,1
潮潮,1
伴侶,1
短片,1
風力,1
量,1
風車,1
嘴唇,1
傷心人,1
墳墓,1
慶記,1
通勤族,1
懶覺,1
特攻隊,1
達摩,1
海德,1
桌電,1
日治,1
紅鬼島,1
沿海路,1
嘉興路,1
疑雲,1
疑慮,1
水深,1
比例尺,1
長度,1
騷蕾娜,1
文組女,1
熱炒界,1
骨氣,1
新聞稿,1
菁英星,1
台北橋,1
詐欺犯,1
壹,1
海老王,1
爸寶,1
強權,1
阿標,1
農業部,1
臉形,1
台票,1
氣囊,1
動畫片,1
錶,1
裝甲車,1
意淫,1
豆干店,1
景氣,1
奶精,1
寫手,1
復興,1
旭函,1
宋智孝,1
精華露,1
勞,1
愛汁,1
夜店妹,1
沛納,1
海音,1
玩笑,1
東,1
久石讓,1
柯拉克,1
悲情,1
大清,1
人龍,1
看門狗,1
存活率,1
眉,1
尿布褲,1
暖男,1
殭屍,1
海壬仙度絲,1
空窗期,1
熱戀期,1
銅言銅語,1
妖,1
原班人馬,1
社會所,1
田野,1
2016年,1
“,1
有情人,1
紅太陽,1
資本主義,1
太奴,1
P,1
海城,1
影展,1
小7,1
通路,1
西裝,1
肥仔龍,1
牛排,1
紫色,1
彩,1
航廈,1
象,1
亞海岸,1
象牙,1
對話,1
丘,1
洪蘭,1
戴正吳,1
天門,1
後腿,1
富錦街,1
同性戀,1
國安局,1
妹紫,1
方略,1
黃士福,1
蠻頭,1
存在感,1
五專,1
商店街,1
青瓦台,1
軍訓役,1
史蒂芬・傑夫,1
昇一,1
包廂,1
航展,1
鶴,1
李,1
身形,1
為,1
人海派,1
正,1
念頭,1
才藝,1
球棒,1
台中港,1
惡煞,1
國度,1
北大,1
年紀,1
貝納海,1
彰,1
雲嘉,1
苦,1
六合路,1
狼人發,1
龍應台,1
甲等,1
體位,1
發電廠,1
海研所,1
本傳,1
雪代緣,1
楊丞琳,1
郭采潔,1
神A,1
東海路,1
山河,1
空氣感,1
夜神,1
水果店,1
阿等,1
職場,1
燉飯舞,1
權證,1
交易,1
嚴胖子,1
法文,1
江鳥海,1
狗票,1
楊恭如,1
極限,1
薇薇安,1
日期,1
心海,1
佛光,1
銅板價,1
電車,1
雞排店,1
神棍,1
樹海自決,1
梯次,1
朝鮮人,1
李舜臣,1
露梁,1
症狀,1
編輯器,1
片商,1
雜貨店,1
細田守,1
新海細田,1
前途,1
掩蔽物,1
星海誠,1
伊娃葛林,1
極品,1
羽立,1
料理店,1
羽婷,1
羹,1
鮮味,1
天橋,1
肩,1
人參,1
海馬酒,1
夜市攤,1
艦隊長,1
夜場,1
油煙味,1
巷,1
胸部,1
航空秀,1
饒自強,1
圭賢,1
釋雲,1
聖魔,1
天法,1
聖意,1
靈理,1
海陸站,1
哨兵,1
花媽,1
比丘尼,1
花店,1
荒野,1
洪秀柱,1
兵單,1
海神吧,1
入門款,1
學測,1
攤平價,1
勞檢,1
張心傑版,1
原,1
聲帶,1
選情,1
風氣,1
兔潮,1
山本五十六,1
總體戰,1
國力,1
鹽度,1
出海州,1
荒地,1
州份,1
救生圈,1
暝,1
心事,1
學海,1
製造業,1
沙發,1
洋人,1
桃金銀,1
巷子,1
浴袍,1
集散地,1
塞防派,1
乾隆,1
台GG,1
新廠,1
掩體,1
方,1
肥標,1
沖田海,1
娜璉,1
黑手,1
決心,1
台清,1
政加,1
海豬彎,1
玲奈,1
章節,1
藤原括海,1
周傳雄,1
阿連,1
航跡,1
尾道,1
波海道,1
今治,1
聯電,1
決策,1
土石,1
新生地,1
土,1
平頭,1
娘炮,1
鬍渣,1
女用,1
背包,1
森7,1
生物鏈,1
敦克爾克級,1
巡洋艦,1
蓮華,1
梵海,1
中西區,1
所有,1
八年,1
飲冰室,1
全集,1
傳家寶,1
千古,1
瓦哥,1
1996年,1
田水,1
海八,1
警力,1
老三,1
雲科,1
暨南,1
娃娃體,1
字體,1
傑尼斯,1
小威,1
作,1
街道,1
鹿港,1
導師,1
觀海樓,1
小資,1
水岸,1
海包,1
頂樓,1
卡林多,1
縮影,1
小孬孬,1
企,1
部門,1
1995,1
馬祖,1
家鄉,1
劉德華,1
附中,1
鯡魚,1
魟魚,1
格陵蘭,1
少女組,1
三角褲,1
徐婕兒,1
90年代,1
張飛,1
岳飛,1
芭蕾,1
海巡隊,1
日本版,1
男女角,1
進展,1
長處,1
漩渦,1
鳥人,1
福原,1
辭海,1
層,1
命案,1
牡蠣田,1
低溫,1
形容詞,1
阿里山,1
影子,1
涓流,1
江海,1
一點一滴,1
海藤瞬,1
道教,1
更生人,1
爽度,1
貝殼類,1
預約制,1
船難,1
俄軍,1
秒速,1
龍頭,1
伏爾泰,1
棋魂,1
勞斯萊斯,1
巴哈,1
丹丹海放,1
碩士,1
實驗,1
南區,1
市值,1
輪機長,1
勝文,1
楊海生,1
加賀,1
風味,1
義式,1
紅醬,1
蛋汁,1
時蔬,1
紀德級,1
聖蚊,1
海羅盤,1
山東,1
江蘇,1
音樂系,1
海慕,1
樂團,1
畫技,1
豪豬,1
蝦皮,1
小鄭,1
南海路,1
風間隼人,1
神韻,1
豆子,1
大海大海,1
夜半,1
歌詞,1
諾門罕,1
佐為,1
美元,1
幫主,1
劉偉民,1
矮冬瓜,1
輪,1
薑,1
牛丼,1
路尾,1
豬頭,1
壁虎,1
拓海生,1
逆轉年,1
慣例,1
龜山島,1
漁燈,1
前夕,1
徵兆,1
中俄台,1
2005年,1
查緝隊,1
海天,1
盛筵,1
青幫,1
百科,1
歷史系,1
三菱,1
後勤,1
測試,1
編制,1
媒體戰,1
陸生,1
米果,1
必要,1
雙X泡,1
化工廠,1
海鮮系,1
坂口杏里,1
諧星,1
板,1
酒井,1
港獨,1
變數,1
反,1
腐案,1
牛皮,1
濱,1
海東島,1
易利信,1
摩托羅拉,1
軍令部,1
參謀部,1
天皇,1
津,1
蒙牛,1
白令,1
直布羅陀,1
梓,1
驅,1
牧師,1
印度廠,1
戲劇,1
滑哥,1
摩鐵,1
海闊天高,1
微啃族,1
張勃,1
土耳其,1
權利,1
范,1
人數,1
柱柱姐,1
註冊國,1
油頭,1
金絲,1
牛仔,1
長褲,1
難民,1
狗海,1
聖堂,1
雷雲,1
風暴,1
島耕作,1
2025年,1
聖多美港,1
糞青,1
鳥鏈,1
邦交國,1
國門,1
等效,1
重力場,1
緣故,1
冰雪,1
上岸點,1
實力海,1
神經狗,1
貴賓海,1
旗下,1
尾大,1
打擊,1
同心會,1
阿海軍,1
翔安,1
政,1
山竹會,1
彰化人,1
札幌,1
天體,1
蛇女,1
練習,1
衛生紙,1
聖彼得堡,1
機艙,1
油味,1
世界觀,1
公,1
動力,1
閒錢,1
骨,1
海草舞,1
肩帶,1
藥水味,1
麻六甲,1
海茵,1
化工,1
東京灣,1
維多利亞,1
好友,1
小賈,1
障礙,1
數據,1
葡萄牙人,1
火槍,1
大砲,1
暱稱,1
貢,1
鐵吸管,1
尊榮,1
羊拉幹,1
趙記,1
菜肉,1
仿生人,1
主人,1
鯛,1
雙手卷,1
裸照,1
國家級,1
紗窗,1
郭品,1
鴻海牛排,1
異形,1
廢宅,1
郝,1
p4,1
白醬,1
筆管麵,1
夏季,1
去處,1
黑熊,1
依比利,1
范冰冰,1
不久,1
海蒂拉瑪,1
張震嶽,1
海雅,1
谷慕,1
捷克味,1
手手,1
劉邦,1
護板,1
神機,1
海邊牌,1
海蘭傳,1
延禧,1
聲明,1
新北市府,1
坪數,1
口感,1
鹹海,1
發電量,1
髮卷,1
玉米,1
南北韓,1
狀態,1
槍聲,1
縣市,1
甲午戰爭,1
特產,1
陰道,1
檢事官,1
多佛朗明哥,1
陸蟹,1
幕張,1
香ㄙ,1
蟋蟀,1
男包,1
西斯板,1
爆哥,1
維安,1
卡司,1
穆斯林,1
共犯,1
屍首,1
消防車,1
蕭新晟,1
陸運,1
公交卡,1
84年,1
移民潮,1
後塵,1
幸福感,1
特南克斯,1
加州,1
船帆,1
油青,1
御飯團,1
蜆仔,1
七海遊龍,1
小妹,1
雪山,1
猶,1
海洞,1
老王,1
米粉,1
音質,1
平衡感,1
潮位,1
商社,1
安,1
海瑟薇,1
校長,1
林姓,1
技師,1
台人,1
金變,1
嘉偉,1
防曬乳,1
死亡數,1
獼猴,1
周遭,1
許茹芸,1
葉克膜,1
外表,1
蓋兒加朵,1
張鈞甯,1
水族箱,1
客機,1
後人,1
字甲偷刀,1
醫學,1
賽,1
球場,1
法律,1
釣點,1
伙食量,1
野青,1
主角群,1
餐飲,1
中東,1
潮生,1
曲,1
深海魚男,1
本田翼,1
分隊長,1
檢舉人,1
個資,1
地下室,1
人天,1
希瓦娜斯,1
哥布林海,1
安海射薇,1
陳建州,1
瀏覽器,1
核子彈,1
糞書,1
語,1
吉野家,1
關島,1
侏儸紀,1
滄龍,1
阿滋海莫症,1
海参崴,1
魚兒,1
雞腸,1
酒瓶,1
巫山,1
伴手禮,1
殺人鯨,1
蛋花湯,1
售價,1
大海航,1
暴風雪,1
近,1
場台,1
觀光區,1
水湳,1
春聯,1
渡海,1
人橋,1
點子,1
海帶拳,1
旭川,1
零戰,1
櫻木,1
野雞,1
泣,1
鄉土劇,1
稀飯,1
八卦板規,1
大陸法,1
體植,1
電器,1
鹹味,1
台幹,1
薩諾斯,1
魔蔥,1
香吉士,1
事務所,1
小女森,1
天海誠,1
婚,1
燃料棒,1
江翠,1
重劃區,1
本,1
店面,1
跳海文,1
陰影,1
海大生,1
鬼父,1
樂透,1
海台,1
核試,1
中壢區,1
桃園區,1
臺大,1
泳裝,1
鈾,1
香蕉船,1
打架,1
媽呀,1
凱多,1
沃爾瑪,1
草山,1
海頭,1
鈴,1
文字,1
表情,1
立板,1
真實性,1
海油龍,1
方雲吉,1
晴海,1
素肚,1
人族,1
台山線,1
中市,1
警方,1
手銬,1
碎片,1
中研院,1
中科院,1
科博館,1
科工館,1
霸海皇英,1
羅傑,1
遺言,1
笑傲,1
海媚,1
俞岱岩,1
海沙幫,1
林平之,1
典故,1
伯母,1
身影,1
海寧,1
山西,1
江戶,1
抽水機,1
田伯光,1
時速,1
骨頭,1
桃花,1
影,1
飛,1
候選人,1
岳老三,1
☎,1
埃及記,1
細節,1
米拉,1
腹地,1
劇,1
北丁,1
盧,1
財力,1
卡卡西,1
蘇武,1
冥進洞,1
濕氣,1
河粉,1
鮮魚,1
十月,1
中旬,1
生命,1
功德會,1
藝術展,1
書法字,1
高爾夫,1
唐努烏梁海,1
支那國,1
部,1
水煎包,1
變化,1
聖丁力,1
呂良偉,1
代表作,1
高薪,1
賊板,1
組務,1
站方,1
皮球,1
鐵超,1
頭蓋骨,1
針,1
魚缸,1
進行曲,1
高義,1
仇笑痴,1
雄港,1
選舉期,1
中國人海,1
民女,1
駐點,1
獨子,1
設計師,1
烏龜,1
隕石,1
大四,1
燈光,1
液晶體,1
場合,1
燈海,1
庾澄慶,1
石釘,1
火鍋料,1
意見,1
蜂蜜,1
檸檬,1
中國魚,1
炸彈魔,1
小夫,1
敗方,1
錫杖,1
科技力,1
海鮮素,1
素,1
乾麵,1
貞操,1
名聲,1
宅死,1
三創,1
任豚,1
見面會,1
爬蟲類,1
上引,1
生魚片丼,1
報告,1
來人,1
風骨,1
文人,1
蘇軾,1
周圍,1
海豬仔,1
插頭,1
美鷹會,1
魚港,1
來源,1
金馬奬,1
祿仔仙,1
漁業局,1
辯論,1
台北海,1
神器,1
郭文貴,1
谷阿莫,1
太平洋港,1
茄萣,1
俏,1
江,1
浪潮,1
喇幹,1
香腸海,1
韓國瑜,1
戰地,1
陰莖,1
熱炒店,1
海爺,1
柯氏,1
蔥油餅,1
晴天,1
魚麵,1
產險,1
責,1
柯批,1
決戰,1
總部,1
盧秀燕,1
採礦案,1
宮本,1
安海瑟薇蓋兒,1
珍妮佛安妮斯頓,1
白日,1
僑胞,1
進乃,1
G軟,1
大叔,1
金冠,1
可燃,1
1782年,1
同胞,1
台北市人,1
名言,1
野海熊,1
土城,1
訴,1
海山二,1
海俠,1
國王,1
軌道,1
驅蟲藥,1
尾田榮一郎,1
神獸,1
可燃冰,1
回饋金,1
絵梨花,1
海龜板,1
可樂,1
色,1
實驗室,1
三聯會,1
娜娜敏,1
透水磚,1
新莊,1
堤外道,1
光陵海,1
神崎直,1
花光,1
贓款,1
阿瓦隆,1
綠髮,1
泰式,1
低能兒,1
七瀬,1
實習費,1
外角海,1
霞飛區,1
小七乃,1
黑糖,1
迪卡農,1
鴉片,1
垃圾場,1
小豆島,1
人嘴,1
片頭曲,1
高層,1
後龍,1
拉爾夫,1
克拉克,1
命令,1
清華,1
附圖,1
海峽號,1
馴獸師,1
判子,1
華視,1
金礦,1
鈾礦,1
牧紳,1
惡霸,1
技能樹,1
凱因斯,1
忍者長,1
美酒,1
海藻,1
法軍,1
上海店,1
房租,1
麥方,1
吳寶冬,1
吳寶村,1
孫東寶,1
上海隊,1
葛,1
太陽系,1
扶龍,1
居士,1
水缸,1
貝類,1
鐵狼隊,1
電視版,1
芷若,1
演講,1
金拱門,1
服務員,1
名單,1
迪卡儂,1
風衣,1
情報,1
步兵海,1
評審,1
金箍棒,1
本名,1
定海針,1
清心,1
緝毒犬,1
電線,1
雙星堡,1
基多拉,1
巴布,1
就業面,1
咖喱,1
福壽螺,1
卵噁爛,1
青海人,1
瘟,1
明太子,1
雙星,1
雞腿,1
省轄市,1
生駒,1
抄龍族,1
抄海賊,1
海姆達爾,1
族群,1
神火,1
征途,1
星辰大海,1
原唱,1
吳萼洋,1
衛星圖,1
巫術,1
賀,1
里程碑,1
海天宮,1
司馬懿,1
劉禪,1
捕手,1
1940年,1
威爾森,1
市面,1
黑豹,1
阿瓜,1
王座,1
規則,1
桶,1
檢疫犬,1
下線,1
李奧納多,1
保育會,1
大葉海,1
性欲,1
水量,1
承太郎,1
台環島,1
大道,1
麻吉,1
感冒,1
蘿莉控,1
死因,1
斷頭台,1
程,1
高架,1
路段,1
主婦,1
聯盟,1
西濱,1
滑板,1
觀光局,1
垃圾街,1
涉谷,1
海審會,1
雙城,1
頭腦,1
藥酒,1
鹹水雞,1
棍子,1
弟,1
芝麻球,1
花東人,1
寰海探奇,1
水火箭,1
月球,1
針頭,1
武哥,1
生肖,1
吊嘎,1
綠水,1
鬼潮,1
螽斯,1
蝗蟲,1
聖誕,1
藍芽,1
豬群,1
文化村,1
健身房,1
大名,1
越戰,1
韓戰,1
蛙式,1
巨獸,1
克拉森,1
甲殼類,1
軟體類,1
宣傳,1
局,1
壽險業,1
牛頓,1
引力,1
重音,1
義元,1
神射手,1
迴紋針,1
陰陽海,1
北風,1
人家,1
交匯站,1
川川養,1
屁咧,1
海案,1
恐海症,1
忠義,1
官,1
凌晨,1
三點,1
憨人,1
彗星,1
魚血,1
布袋港,1
漫畫店,1
陰謀論,1
雲林人,1
浩克,1
海灘板,1
建商,1
老街,1
紅白,1
晚會,1
星海板,1
藤壺,1
經濟學家,1
西澤,1
花輪,1
園子,1
烏坵,1
福克蘭,1
放大版,1
尺寸,1
房仲,1
武士刀,1
毒,1
豬瘟肉,1
全,1
颱風船,1
這時,1
豬屍,1
阿一,1
蒙古人,1
鼠疫,1
河堤,1
迷霧,1
驚魂,1
管子,1
牙齒,1
冰水,1
鎖,1
四等,1
象海,1
突破口,1
好牙郎,1
陳建年,1
毛毛象,1
黑水溝,1
紀事,1
外星人,1
幽游,1
東岸,1
狄卡瓊茵斯,1
萬泰,1
珍珠港,1
五湖四海,1
統獨,1
火山,1
攝影棚,1
煙火,1
平嶋夏海,1
沛納海錶,1
瀋陽,1
情趣,1
戶愚呂,1
妖怪,1
水面,1
鬼城,1
國內線,1
溫泉,1
海底王,1
綜合台,1
死對頭,1
霸王,1
珊瑚,1
資本額,1
竹筍,1
目目,1
侯通海,1
寄生人,1
社會學,1
陳遠,1
張海平,1
寵物,1
草莓族,1
海K,1
風車村,1
鍋燒麵,1
雷夢,1
廣島,1
實體店,1
公館,1
海報龍,1
八里,1
社區,1
雙胞胎,1
獅,1
豹,1
眾,1
夜鶯,1
肉塊,1
台灣店,1
情感,1
釣海王,1
瑪雅人,1
辣椒醬,1
維吾爾族人,1
肉圓,1
忍刀,1
武,1
富江,1
家事,1
小魚村,1
海馬眼,1
回歸線,1
時間海,1
16世紀,1
地盤,1
酸辣湯,1
墓仔埔,1
高空,1
油田,1
列車砲,1
冷泉,1
曹操,1
丁力,1
八重山,1
台四輪,1
本田,1
引擎,1
海陸仔,1
畜牲,1
三代,1
平衡度,1
地瓜,1
切片,1
條狀,1
協定,1
電扇,1
震撼彈,1
寬度,1
內水,1
拳頭,1
阿信,1
唱功,1
助教,1
房東,1
軍機場,1
鹽害,1
他用,1
鼎旺,1
藍記,1
駐軍,1
海獅號,1
唐山公,1
浜辺美波,1
松村沙友理,1
彭麗媛,1
道,1
沉,1
大群館,1
二次大戰,1
飲食,1
秋葵,1
豬皮,1
手套,1
碗精,1
過,1
路費,1
賓馬王,1
人質,1
青海參,1
單兵,1
石虎,1
重要性,1
綠營,1
年底,1
蔬果,1
羽蛾,1
遊王,1
台戰,1
資進黨,1
所得,1
資產稅,1
白色,1
帥,1
模樣,1
工商,1
凡人,1
春天,1
秋天,1
落葉,1
刺青,1
理科,1
特貨,1
金魚,1
盜懶,1
乾爹,1
烏龍麵,1
豬肝,1
駭客,1
戶頭,1
蔡*海,1
病院,1
艾咪,1
水庫,1
扇,1
保養費,1
風扇,1
飛輪,1
狗鞭,1
米格魯,1
廣東,1
四叉貓,1
7點,1
青海路,1
惠中路,1
-20,1
電風扇,1
宵夜文,1
燈會,1
海鮮教,1
分水嶺,1
梗R,1
大和號,1
閃電戰,1
案例,1
柳葉魚,1
烏魚子,1
垃圾桶,1
高雄版,1
小琉球,1
代理,1
奈米,1
怪人,1
大腦,1
野外,1
伊藤萬理華,1
膽固醇,1
血壓,1
瓦干達,1
達人,1
館,1
海克拉斯,1
軍警,1
消海,1
外勞,1
超奴,1
勞工,1
姐妹團,1
艇長,1
政權,1
玩偶,1
刀劍,1
神域,1
唱片史,1
盒性,1
海帶酒,1
爛尾,1
比率,1
奶綠,1
兵法,1
蟹堡王,1
鋼管,1
祭典,1
海恩,1
奶油,1
跟,1
風浪板,1
痞子,1
傑森,1
譽,1
聯合報,1
紐航,1
京滬,1
1943年,1
大氣,1
稱呼,1
上海房,1
稅,1
于品海,1
港人,1
懶叫,1
小馮馮,1
板主,1
帳號部,1
站長,1
魏,1
醫學院,1
療法,1
童男童女,1
二段,1
山海樓,1
蓮霧,1
波西米雅,1
情懷,1
災害,1
貝西,1
沙蟲,1
歪國,1
柳橙,1
雅典娜,1
海鬥士,1
神鬥士,1
邱淑貞,1
利多,1
彭,1
王城,1
紫菜湯,1
海梨柑,1
遐爾,1
鐵拍,1
番薯仔囝,1
雄中,1
小草,1
山縣,1
拍打聲,1
馬雅人,1
空屋,1
宿舍,1
海能,1
壓艙石,1
神鬼,1
奇航,1
廣瀨鈴,1
巔峰期,1
福建人,1
華式,1
御飯糰,1
哈利波特,1
核爆,1
貧果,1
勇士,1
台61,1
二橋,1
露希斯,1
尼弗海姆,1
小組,1
海豚秀,1
晚年,1
探長,1
設施,1
王少偉,1
地海戰記,1
金肉人,1
上衣,1
個體,1
容器,1
韓導,1
唯晶,1
瓜哥,1
信心,1
浩南哥,1
新海城,1
片尾曲,1
批踢踢,1
IP,1
體育課,1
核四,1
青海省,1
烤,1
海仔,1
室溫,1
超導,1
專利,1
西斯版,1
山專,1
佩佩,1
小石,1
死海泥,1
護手霜,1
橡皮艇,1
鉛塊,1
愛斯基摩人,1
海委會,1
霧氣,1
海鮮包,1
拳擊手,1
李明鴻,1
魔鏡,1
大魔境,1
甕,1
特調,1
民進黨員,1
東石,1
戰意,1
白沙屯,1
拱天宮,1
佳珍,1
隱藏版,1
佩琪,1
宣傳片,1
青原,1
附,1
無薪假,1
小兒科,1
財產,1
總統府,1
阿凱,1
青春,1
校園,1
喜劇,1
真情,1
旱鴨子,1
喋血,1
海狗灣,1
餡料,1
金箔,1
野,1
海熊,1
海聲,1
送貨員,1
栽員,1
男團,1
馮‧霍恩海姆,1
賢者,1
看板,1
旗子,1
誤會,1
船票,1
一之瀨海,1
星象,1
蘋果海,1
灣,1
高調,1
加拿大人,1
殺法狂,1
淡海店,1
萬華,1
未來人,1
亞得里亞海,1
鯨鯊,1
幼魚,1
海鮮鍋,1
山菜鍋,1
山菜,1
寄居蟹,1
連續劇,1
蔬食,1
黑色,1
哺乳類,1
棉被,1
代誌,1
四月,1
菸屁股,1
菸蒂,1
富翁,1
瑪雅王,1
圖王,1
海產王,1
蛇姬,1
狂甲,1
式,1
服務費,1
海艦,1
俱樂部,1
團員,1
輪機房,1
昆蟲,1
麻里梨夏,1
成海麗,1
通緝犯,1
閃電,1
初頭,1
西斯,1
海強,1
大紅班,1
清田信長,1
小茉莉,1
茱莉亞羅勃茲,1
黃家駒,1
民,1
大英國協,1
工地,1
大戶,1
移工,1
風機,1
旗魚,1
製冰器,1
口號,1
安危,1
自助餐券,1
友邦,1
敦,1
海極,1
張享峰,1
妙天粉,1
妙天海,1
孕婦,1
第四,1
機上盒,1
港幣,1
砲灰,1
波峰,1
海蝸牛,1
海島船,1
阿翔,1
國歌,1
考題,1
蘇澳,1
負面,1
周子瑜,1
台語歌,1
白鴿,1
奇瑞塔,1
毒瘤,1
海蓋婭,1
茶妹,1
神曲,1
10,1
宋楚瑜,1
威能,1
大泉洋,1
石田千穗,1
沙茶醬,1
牛頭,1
嚴重性,1
海床,1
電商,1
茫茫大海,1
歐元,1
植物人,1
愷樂,1
海昏侯,1
詩詞,1
韭菜,1
糞文,1
神海,1
炎上中,1
和服店,1
習慣,1
今村美月,1
單打,1
詹,1
內心,1
石灰街,1
山水,1
禽獸,1
宅肥宅,1
阿館,1
貿易戰,1
交通部,1
艾迪德,1
星海阿吉,1
反指標,1
馬里亞,1
蒼蠅,1
龍兜幾,1
屁孩錢,1
尿,1
紙老虎,1
成功率,1
潛水員,1
報,1
頭條,1
統派,1
煩憂,1
瀏海油,1
海姐,1
食腐,1
墳場,1
海賊粉,1
木屐,1
海少,1
海自戰力,1
大法官,1
海約,1
台九,1
幕僚,1
人形,1
樹菊,1
阿姨,1
福泉,1
次數,1
暴風雨,1
塑膠懶,1
匪共,1
齊藤,1
藥粧,1
陽信,1
海粉,1
汙水,1
長榮海,1
長榮航,1
雙子星,1
方圓,1
常識,1
摩天輪,1
渤海灣,1
光稜海,1
乳暈,1
非,1
發財車,1
擔仔麵,1
湯底,1
蝦殼粉,1
現況,1
敵國,1
非洲人,1
貢獻,1
跑步哥,1
老四,1
池,1
印度海,1
防曬油,1
阿爾敏,1
陳金城,1
坎,1
鈴村愛里,1
法治,1
T雪,1
橘家,1
海攤,1
素人片,1
文具店,1
海報紙,1
分身,1
宇舒,1
劉盈秀,1
派宏哥,1
共和國,1
福建海峽,1
示意圖,1
驅逐艦,1
一之瀬海,1
掩埋場,1
遊民,1
海運到,1
低成就,1
北約,1
歹徒,1
台灣県,1
台灣道,1
鐵達尼號,1
姻緣,1
門牙,1
性轉,1
惡臭,1
紛爭,1
奇塔塔普,1
實名制,1
系學會,1
白又美,1
新店,1
綠中海,1
G,1
法律人,1
電資,1
君鴻,1
韓粉,1
航海王粉,1
海鮮餐,1
硨磲貝,1
1991年,1
護國神峽,1
法拍,1
抽砂船,1
海色,1
萬古,1
海島國,1
戰車,1
老白,1
游泳池,1
台語臺,1
腔調,1
漳腔,1
保護區,1
紫煙,1
核食,1
姍,1
肥子,1
人骨,1
會考,1
化爐,1
抽出物,1
北七,1
深仇大恨,1
顏市,1
1970年代,1
路線圖,1
鬼蝠魟,1
智力,1
氣溫,1
利尻島,1
月海,1
臺中市人,1
台灣誌,1
真如,1
安檢超,1
腳底,1
科教館,1
套票,1
池塘,1
血液,1
美海,1
化學所,1
蘿莉圖,1
床,1
便當度,1
瑪利亞,1
名片,1
食材,1
藥局,1
電話亭,1
雲珂,1
司法島,1
果糖,1
刀子,1
夜夜,1
碧海情天,1
龜山,1
盤子度,1
飛行員,1
區網,1
武術,1
森巴,1
無神論,1
大祥哥,1
鈴木真海子,1
龍鎮,1
酒家,1
甲魚湯,1
評論,1
砲艇,1
星星,1
深淵,1
質算,1
孫中山,1
民初,1
壞事,1
蔚藍海岸,1
歡樂谷,1
夫妻,1
週邊,1
均溫,1
皮皮,1
吳宗憲,1
動畫人,1
山本寬,1
偏見,1
歐豬,1
環保仔,1
纖維,1
新屋,1
圓形,1
物體,1
夏威夷人,1
美國人幫,1
神盾質,1
海陸空,1
統帥,1
于晏,1
海盜窩,1
亞特蘭提斯人,1
台海軍,1
陽台,1
貨物,1
紀錄器,1
青年二路,1
免稅店,1
失憶症,1
客戶,1
香菸,1
雞蛋,1
鴨肉塊,1
海帶條,1
草包,1
樂,1
規定,1
禿鷹,1
腳筋,1
私菸,1
木村文乃,1
海王鯨,1
拖鞋,1
1994年,1
高工,1
台若,1
爆鵝國,1
辛巴,1
獅子,1
星期二,1
生死狀,1
聖火,1
撈麵,1
上海女,1
榮海,1
榮,1
內餡,1
外皮,1
圳,1
濟州島,1
勝負,1
天海翼,1
祐希,1
聲勢,1
軍機,1
涼介,1
黃國昌,1
影視,1
餌,1
港仔,1
淘寶,1
幽游白書,1
浩南,1
雨傘,1
屏,1
帝愛,1
台灣貨,1
君品,1
陣子,1
薩泰爾,1
索爾,1
籍貫,1
內衣店,1
近海王,1
試驗,1
高湯,1
瑪莉亞,1
防,1
面板廠,1
富,1
民代,1
海灘妹,1
畜,1
真理,1
麻原,1
魚叉,1
印督,1
法顯,1
墾丁行,1
胃,1
海魚人,1
蚵仔,1
螺絲,1
婊子,1
飛頭,1
南北極,1
亞述人,1
烈士,1
紀念日,1
青年節,1
五點半,1
海康,1
監視器,1
洪金寶,1
颱,1
風雨,1
前輩,1
昇龍拳,1
假,1
村西透,1
海丟,1
香煙,1
柏克金,1
意願,1
天仁,1
天福,1
茗茶,1
廢話,1
茶飲,1
夏樹,1
海交,1
關頭,1
少子化,1
心力,1
xx兒,1
有生之年,1
深田,1
高官,1
京奧,1
世博,1
蜜語,1
言,1
護理師,1
名詞,1
筆記本,1
叛國賊,1
海灘球,1
茄子,1
導播,1
紅芯,1
檳榔柯,1
後台,1
度假村,1
埔霧,1
深海王,1
地震魚,1
罪人,1
鮑魚湯,1
老母雞,1
七月,1
異,1
尖沙嘴,1
五星旗,1
片笑,1
海巡棒,1
槌膩,1
阿爾法,1
境,1
盜賊,1
平手友梨奈,1
乃木,1
影山,1
洋流圖,1
漂,1
冥界,1
小玉,1
七彩,1
夢幻,1
犬犬,1
秋元康,1
航海系,1
輪機系,1
月之海,1
主戰場,1
青蛙,1
開南,1
對家,1
海龜棒,1
海鮮皮,1
唐山,1
相,1
救護車,1
愛迪達,1
甩麵,1
秋名山,1
石原さ,1
日女,1
禿頭,1
罪惡感,1
肉魚,1
免洗筷,1
髮夾,1
橡,1
海鮮類,1
存款,1
卡通,1
黑鬼,1
多拉,1
瑪雅,1
蜜蜂人,1
本文,1
起落,1
乾坤,1
公安,1
保安,1
茶飲店,1
子公司,1
平克曼,1
華農,1
漁人,1
海新訓,1
拿坡里,1
通知,1
航空兵,1
市多,1
古書,1
海馬太,1
法老王,1
陸海,1
資格,1
網,1
大結局,1
條約,1
塔倫米爾,1
推,1
店名,1
寶藏,1
合約,1
封存費,1
海外處,1
神社,1
級,1
優等,1
滴妹,1
澀味,1
恥力,1
釣竿,1
餐,1
中女中,1
深海館,1
葉,1
冠軍賽,1
環保局,1
海綿人,1
柯P,1
馬桶用,1
芥末,1
羅德西亞,1
上銀,1
外觀,1
棒球隊,1
培羅娜,1
浙江,1
安比,1
同好,1
邵,1
頭鬃,1
菸酒,1
海鷗牌,1
不毛之地,1
盟軍,1
指揮官,1
海豹隊,1
邊,1
番薯,1
青島,1
八大關,1
網拍,1
數字,1
白癡路,1
冠狀溝,1
口福,1
機海戰,1
燕子洞,1
柚子湖,1
海蝕,1
彭于晏,1
安倍彎人,1
奧觀海,1
仇恨,1
林道遠,1
份子,1
疫苗,1
海海海海,1
長髮,1
弊案,1
鳥類,1
海市蜃妹,1
海泳,1
泳池,1
膝蓋,1
電時台,1
透明球,1
珍娜,1
部落,1
夜貓組,1
轎車,1
駕駛,1
車潮,1
極致,1
處,1
故宮,1
達仁鄉,1
滿州鄉,1
台灣路,1
海放拉,1
貢丸,1
五臟廟,1
檔次,1
萬物,1
宅,1
比基尼妹,1
台灣會,1
句點,1
乾式,1
戶愚,1
呂弟休,1
海及拉,1
燒肉,1
熱海那集,1
關鍵字,1
大招,1
中國醫,1
救生員,1
雨人,1
台股,1
阿湯哥,1
糖,1
馬賽克,1
張家,1
光華,1
方季惟版,1
梧棲,1
兵器,1
上游,1
鉉辰,1
金假海,1
遭遇,1
股份,1
有限公司,1
家慶,1
辰亦儒,1
嘴點,1
骷顱頭,1
海賊旗,1
府城,1
巨齒鯊,1
反骨,1
瑋哥,1
中土,1
海陸戰隊,1
水陸,1
機動,1
油雞,1
羊頭貼,1
大巴,1
陳文成,1
丁窈窕,1
殷海光,1
麥香堡,1
台美,1
安非他命,1
癮,1
大三,1
妙麗,1
礦工,1
中隊,1
命理師,1
致命傷,1
運勢,1
碩班,1
題材,1
姨媽,1
安卓,1
空間,1
財報,1
旅平險,1
行業,1
官股,1
肚子氣,1
馮,1
海因里希,1
人人,1
排名榜,1
屎蛆,1
作為,1
成人,1
展,1
摩耶,1
褂,1
女兵,1
車道,1
肥宅海砂,1
包裹,1
滲透壓,1
父權,1
英霸,1
周玉蔻,1
可可羅,1
婆婆,1
方案,1
台勞,1
內奸,1
爛車,1
專業,1
統一,1
肉臊醬,1
加維力,1
炸醬,1
壁畫,1
七星潭,1
操場,1
椰子水,1
海灘椅,1
辮子,1
傅恆,1
人設,1
四皇,1
雙北,1
泉,1
瀑,1
雪,1
櫻,1
纜,1
李旦,1
築地,1
超,1
海枕,1
府,1
噴泉,1
燃煤,1
季風,1
細菌,1
壞,1
首席,1
學者,1
效能,1
海放i7-8700,1
聖塔莫尼卡,1
帕金森氏症,1
文化祭,1
日韓,1
親,1
愛妻,1
南澳,1
外籍,1
球員,1
下體,1
乾燥劑,1
天涯海餃,1
波霸,1
海咪咪,1
桿,1
治水界,1
雲層,1
牛車,1
莫拉克,1
傑米海納曼,1
畫質,1
神起海,1
雨神,1
土豆,1
超音波,1
幹謀,1
台江,1
BR,1
熊仔海,1
食品,1
馮克雷,1
亞馬遜,1
包爾斯克,1
秘方,1
狗奶,1
小楓,1
同溫層,1
遺作,1
鱷魚,1
文太,1
槌子,1
布魯克,1
大水,1
地下水,1
大錢,1
屈原,1
中華民國人,1
西元,1
暗號,1
聽,1
哆啦,1
港灣,1
洪災,1
總帥,1
種子,1
福岡,1
釜山,1
拍,1
過程,1
修羅特海姆,1
葉配,1
香蕉,1
富堅義博,1
住家,1
威尼斯,1
失誤,1
甲板,1
清晨,1
三角,1
六月,1
大麥克,1
O2,1
繁榮度,1
井蛙,1
催眠師,1
暈船藥,1
利潤,1
基海,1
工會,1
虎鯨,1
海洋界,1
東印度,1
超能力,1
菜根,1
煎餃,1
紅茶,1
精華區,1
周六,1
新聞台,1
火力,1
熊本,1
白宮,1
瑞芳,1
