word,freq
good,1803
other,1467
more,1456
big,1218
great,988
deep,951
same,940
sure,882
blue,864
new,817
old,756
most,742
bad,717
many,716
best,672
pacific,659
first,647
much,645
little,636
better,618
right,604
real,599
few,588
last,583
true,560
dead,558
high,489
atlantic,486
nice,482
red,476
whole,466
favorite,457
black,450
only,444
wrong,426
frank,417
south,409
least,398
white,387
small,380
different,372
own,357
entire,352
giant,336
long,327
salty,323
cool,316
free,314
amazing,300
next,294
open,293
full,288
fun,283
awesome,278
huge,273
weird,267
hard,265
large,261
worst,255
american,255
enough,254
fine,252
funny,246
beautiful,244
cold,240
less,234
global,228
nuclear,223
stupid,223
interesting,222
able,217
single,211
close,210
sad,206
super,204
fresh,204
wet,203
common,201
serious,198
fair,198
indian,196
biggest,194
happy,192
human,192
specific,188
worse,187
worth,186
actual,184
dark,183
angry,183
easy,183
mediterranean,182
homemade,178
hot,176
marine,169
dry,169
crazy,167
expensive,163
higher,163
chinese,160
